FileType, Version, Date, Time, ChartField, TimeSource, Recorder, Scale, Units, ChartSubType, BaseScaling
LDP, 1, 05/22/2020, 13:03:01, Record, Internal, 16, Unity, Primary, Unknown, Primary
RecNum, Date, Time, Phase, Status
-1, 1, 2, -1, 3
"IA", "IB", "IC", "IN"
4, 5, 6, 7
DeviceID, FID, TID, Form, CTR, CTRN, PTR, LDAR
"EPSOL01", "SEL-735-R203-V0-Z101100-D20190828", "STATION A", 9, 200, 200, 1, 60
ChannelName, ChannelFunction, ChannelUnits, ChannelRule, ChannelMult, ChannelRollover, ChannelScale
"IA", AVG, "A", "CTR", 0.005, 999999999, 1
"IB", AVG, "A", "CTR", 0.005, 999999999, 1
"IC", AVG, "A", "CTR", 0.005, 999999999, 1
"IN", AVG, "A", "CTRN", 0.005, 999999999, 1
EventDate, EventTime, EventCode, EventDescription
12/23/2019, 08:56:39.717, X0002, "Power loss"
02/10/2020, 09:28:57.906, X0001, "Power restored"
02/10/2020, 09:51:13.189, X2048, "SALARM, Assert"
02/10/2020, 09:51:14.189, X1048, "SALARM, Deassert"
02/10/2020, 09:52:41.064, X0000, "Device settings changed"
02/10/2020, 09:52:41.389, X2048, "SALARM, Assert"
02/10/2020, 09:52:42.389, X1048, "SALARM, Deassert"
02/10/2020, 10:09:41.556, X2048, "SALARM, Assert"
02/10/2020, 10:09:42.556, X1048, "SALARM, Deassert"
02/10/2020, 10:10:12.681, X0000, "Device settings changed"
02/10/2020, 10:10:12.681, X0002, "Power loss"
02/10/2020, 10:10:16.953, X0001, "Power restored"
02/10/2020, 10:38:15.420, X2048, "SALARM, Assert"
02/10/2020, 10:38:16.420, X1048, "SALARM, Deassert"
02/10/2020, 10:38:21.011, X0000, "Device settings changed"
02/10/2020, 10:38:21.303, X2048, "SALARM, Assert"
02/10/2020, 10:38:22.303, X1048, "SALARM, Deassert"
02/10/2020, 10:46:30.136, X2048, "SALARM, Assert"
02/10/2020, 10:46:31.136, X1048, "SALARM, Deassert"
02/10/2020, 10:48:27.320, X0000, "Device settings changed"
02/10/2020, 10:48:27.686, X2048, "SALARM, Assert"
02/10/2020, 10:48:28.686, X1048, "SALARM, Deassert"
02/10/2020, 11:18:17.353, X2048, "SALARM, Assert"
02/10/2020, 11:18:18.353, X1048, "SALARM, Deassert"
02/10/2020, 11:18:23.144, X0000, "Device settings changed"
02/10/2020, 11:18:23.478, X2048, "SALARM, Assert"
02/10/2020, 11:18:24.478, X1048, "SALARM, Deassert"
02/10/2020, 12:39:03.202, X0002, "Power loss"
02/11/2020, 07:41:22.865, X0001, "Power restored"
02/11/2020, 09:28:12.115, X0002, "Power loss"
02/11/2020, 09:28:22.373, X0001, "Power restored"
02/11/2020, 10:53:36.223, X0002, "Power loss"
02/12/2020, 11:01:46.573, X0001, "Power restored"
02/12/2020, 13:52:00.223, X0002, "Power loss"
02/13/2020, 09:01:16.079, X0001, "Power restored"
02/13/2020, 11:08:38.645, X2048, "SALARM, Assert"
02/13/2020, 11:08:39.645, X1048, "SALARM, Deassert"
02/13/2020, 11:10:00.528, X0000, "Device settings changed"
02/13/2020, 11:10:02.245, X2048, "SALARM, Assert"
02/13/2020, 11:10:03.245, X1048, "SALARM, Deassert"
02/13/2020, 11:10:09.128, X0002, "Power loss"
02/13/2020, 11:10:11.522, X0001, "Power restored"
02/13/2020, 12:33:42.164, X0002, "Power loss"
02/18/2020, 08:17:02.517, X0001, "Power restored"
02/18/2020, 08:33:04.975, X2048, "SALARM, Assert"
02/18/2020, 08:33:05.975, X1048, "SALARM, Deassert"
02/18/2020, 08:33:09.783, X0000, "Device settings changed"
02/18/2020, 08:33:10.100, X2048, "SALARM, Assert"
02/18/2020, 08:33:11.100, X1048, "SALARM, Deassert"
02/18/2020, 08:33:18.850, X0000, "Device settings changed"
02/18/2020, 08:33:18.850, X2048, "SALARM, Assert"
02/18/2020, 08:33:19.850, X1048, "SALARM, Deassert"
02/18/2020, 08:45:13.548, X0002, "Power loss"
02/18/2020, 08:45:17.306, X0001, "Power restored"
02/18/2020, 08:45:17.356, X0002, "Power loss"
02/18/2020, 08:45:27.322, X0001, "Power restored"
02/18/2020, 09:07:58.180, X2048, "SALARM, Assert"
02/18/2020, 09:07:59.180, X1048, "SALARM, Deassert"
02/18/2020, 09:08:03.797, X0000, "Device settings changed"
02/18/2020, 09:08:04.072, X2048, "SALARM, Assert"
02/18/2020, 09:08:05.072, X1048, "SALARM, Deassert"
02/18/2020, 09:17:14.430, X2048, "SALARM, Assert"
02/18/2020, 09:17:15.430, X1048, "SALARM, Deassert"
02/18/2020, 09:17:39.213, X0000, "Device settings changed"
02/18/2020, 09:17:40.897, X2048, "SALARM, Assert"
02/18/2020, 09:17:41.897, X1048, "SALARM, Deassert"
02/18/2020, 09:17:45.163, X0002, "Power loss"
02/18/2020, 09:17:50.177, X0001, "Power restored"
02/18/2020, 09:18:06.894, X2048, "SALARM, Assert"
02/18/2020, 09:18:07.894, X1048, "SALARM, Deassert"
02/18/2020, 09:18:35.477, X2048, "SALARM, Assert"
02/18/2020, 09:18:36.477, X1048, "SALARM, Deassert"
02/18/2020, 09:24:59.511, X2048, "SALARM, Assert"
02/18/2020, 09:25:00.511, X1048, "SALARM, Deassert"
02/18/2020, 09:25:17.511, X0000, "Device settings changed"
02/18/2020, 09:25:17.511, X2048, "SALARM, Assert"
02/18/2020, 09:25:18.511, X1048, "SALARM, Deassert"
02/18/2020, 09:26:32.644, X2048, "SALARM, Assert"
02/18/2020, 09:26:33.644, X1048, "SALARM, Deassert"
02/18/2020, 09:26:37.461, X0000, "Device settings changed"
02/18/2020, 09:26:37.744, X2048, "SALARM, Assert"
02/18/2020, 09:26:38.744, X1048, "SALARM, Deassert"
02/18/2020, 09:26:46.936, X0000, "Device settings changed"
02/18/2020, 09:26:46.936, X2048, "SALARM, Assert"
02/18/2020, 09:26:47.936, X1048, "SALARM, Deassert"
02/18/2020, 09:35:39.511, X2048, "SALARM, Assert"
02/18/2020, 09:35:40.511, X1048, "SALARM, Deassert"
02/18/2020, 09:35:44.369, X0000, "Device settings changed"
02/18/2020, 09:35:44.702, X2048, "SALARM, Assert"
02/18/2020, 09:35:45.702, X1048, "SALARM, Deassert"
02/18/2020, 09:35:53.244, X0000, "Device settings changed"
02/18/2020, 09:35:53.244, X2048, "SALARM, Assert"
02/18/2020, 09:35:54.244, X1048, "SALARM, Deassert"
02/18/2020, 09:41:00.961, X2048, "SALARM, Assert"
02/18/2020, 09:41:01.961, X1048, "SALARM, Deassert"
02/18/2020, 09:41:06.077, X0000, "Device settings changed"
02/18/2020, 09:41:06.461, X2048, "SALARM, Assert"
02/18/2020, 09:41:07.461, X1048, "SALARM, Deassert"
02/18/2020, 09:46:09.827, X2048, "SALARM, Assert"
02/18/2020, 09:46:10.827, X1048, "SALARM, Deassert"
02/18/2020, 09:46:17.477, X0000, "Device settings changed"
02/18/2020, 09:46:17.769, X2048, "SALARM, Assert"
02/18/2020, 09:46:18.769, X1048, "SALARM, Deassert"
02/18/2020, 10:10:01.227, X2048, "SALARM, Assert"
02/18/2020, 10:10:02.227, X1048, "SALARM, Deassert"
02/18/2020, 10:10:05.977, X0000, "Device settings changed"
02/18/2020, 10:10:06.319, X2048, "SALARM, Assert"
02/18/2020, 10:10:07.319, X1048, "SALARM, Deassert"
02/18/2020, 10:10:14.769, X0000, "Device settings changed"
02/18/2020, 10:10:14.769, X2048, "SALARM, Assert"
02/18/2020, 10:10:15.769, X1048, "SALARM, Deassert"
02/18/2020, 10:13:47.969, X2048, "SALARM, Assert"
02/18/2020, 10:13:48.969, X1048, "SALARM, Deassert"
02/18/2020, 10:13:52.844, X0000, "Device settings changed"
02/18/2020, 10:13:53.144, X2048, "SALARM, Assert"
02/18/2020, 10:13:54.144, X1048, "SALARM, Deassert"
02/18/2020, 10:14:02.702, X0000, "Device settings changed"
02/18/2020, 10:14:02.702, X2048, "SALARM, Assert"
02/18/2020, 10:14:03.702, X1048, "SALARM, Deassert"
02/18/2020, 12:32:03.227, X0002, "Power loss"
02/28/2020, 12:20:10.513, X0001, "Power restored"
02/28/2020, 14:11:03.162, X0002, "Power loss"
03/02/2020, 11:53:31.878, X0001, "Power restored"
03/02/2020, 12:09:51.661, X0002, "Power loss"
03/02/2020, 12:12:27.150, X0001, "Power restored"
03/02/2020, 12:40:21.199, X0002, "Power loss"
03/02/2020, 12:47:43.446, X0001, "Power restored"
03/02/2020, 12:49:41.580, X2048, "SALARM, Assert"
03/02/2020, 12:49:42.580, X1048, "SALARM, Deassert"
03/02/2020, 14:05:39.088, X0002, "Power loss"
03/06/2020, 09:19:01.516, X0001, "Power restored"
03/06/2020, 10:32:19.841, X2048, "SALARM, Assert"
03/06/2020, 10:32:20.841, X1048, "SALARM, Deassert"
03/06/2020, 10:32:24.616, X0000, "Device settings changed"
03/06/2020, 10:32:24.633, X2048, "SALARM, Assert"
03/06/2020, 10:32:25.633, X1048, "SALARM, Deassert"
03/06/2020, 10:37:00.166, X0002, "Power loss"
03/06/2020, 10:37:13.589, X0001, "Power restored"
03/06/2020, 10:37:20.231, X0002, "Power loss"
03/06/2020, 10:44:54.936, X0001, "Power restored"
03/06/2020, 10:44:55.811, X0002, "Power loss"
03/06/2020, 10:45:07.952, X0001, "Power restored"
03/06/2020, 10:45:18.211, X2032, "SSI_EVE, Assert"
03/06/2020, 10:46:37.567, X2048, "SALARM, Assert"
03/06/2020, 10:46:38.566, X1048, "SALARM, Deassert"
03/06/2020, 10:47:26.083, X0002, "Power loss"
03/06/2020, 10:48:12.452, X0001, "Power restored"
03/06/2020, 10:48:22.719, X2032, "SSI_EVE, Assert"
03/06/2020, 11:04:17.622, X2048, "SALARM, Assert"
03/06/2020, 11:04:18.621, X1048, "SALARM, Deassert"
03/06/2020, 11:06:33.947, X2048, "SALARM, Assert"
03/06/2020, 11:06:34.947, X1048, "SALARM, Deassert"
03/06/2020, 11:16:57.480, X2048, "SALARM, Assert"
03/06/2020, 11:16:58.480, X1048, "SALARM, Deassert"
03/06/2020, 14:36:03.113, X0002, "Power loss"
03/09/2020, 14:54:15.248, X0001, "Power restored"
03/09/2020, 14:54:25.506, X2032, "SSI_EVE, Assert"
03/09/2020, 14:55:25.983, X0002, "Power loss"
03/09/2020, 14:55:29.114, X0001, "Power restored"
03/09/2020, 14:55:29.964, X0002, "Power loss"
03/09/2020, 14:55:34.846, X0001, "Power restored"
03/09/2020, 14:55:34.904, X0002, "Power loss"
03/09/2020, 14:56:09.495, X0001, "Power restored"
03/09/2020, 14:56:19.762, X2032, "SSI_EVE, Assert"
03/09/2020, 15:10:22.518, X0002, "Power loss"
03/09/2020, 15:12:11.469, X0001, "Power restored"
03/09/2020, 15:12:21.727, X2032, "SSI_EVE, Assert"
03/09/2020, 15:13:39.939, X2048, "SALARM, Assert"
03/09/2020, 15:13:40.939, X1048, "SALARM, Deassert"
03/09/2020, 15:23:13.338, X0002, "Power loss"
03/09/2020, 15:23:26.584, X0001, "Power restored"
03/09/2020, 15:23:36.842, X2032, "SSI_EVE, Assert"
03/09/2020, 15:31:31.918, X0002, "Power loss"
03/09/2020, 15:33:20.748, X0001, "Power restored"
03/09/2020, 15:33:31.007, X2032, "SSI_EVE, Assert"
03/09/2020, 15:39:42.080, X1032, "SSI_EVE, Deassert"
03/09/2020, 15:39:42.239, X2032, "SSI_EVE, Assert"
03/09/2020, 15:39:42.289, X1032, "SSI_EVE, Deassert"
03/09/2020, 15:39:42.297, X2032, "SSI_EVE, Assert"
03/09/2020, 15:39:42.305, X1032, "SSI_EVE, Deassert"
03/09/2020, 15:39:42.314, X2032, "SSI_EVE, Assert"
03/09/2020, 15:39:42.322, X1032, "SSI_EVE, Deassert"
03/09/2020, 15:39:42.330, X2032, "SSI_EVE, Assert"
03/09/2020, 15:39:42.339, X1032, "SSI_EVE, Deassert"
03/09/2020, 15:39:42.347, X2032, "SSI_EVE, Assert"
03/09/2020, 15:39:42.355, X1032, "SSI_EVE, Deassert"
03/09/2020, 15:39:42.364, X2032, "SSI_EVE, Assert"
03/09/2020, 15:39:42.372, X1032, "SSI_EVE, Deassert"
03/09/2020, 15:39:42.380, X2032, "SSI_EVE, Assert"
03/09/2020, 15:39:42.389, X1032, "SSI_EVE, Deassert"
03/09/2020, 15:39:42.397, X2032, "SSI_EVE, Assert"
03/09/2020, 15:39:42.405, X1032, "SSI_EVE, Deassert"
03/09/2020, 15:39:42.414, X2032, "SSI_EVE, Assert"
03/09/2020, 15:39:42.480, X0002, "Power loss"
03/09/2020, 15:39:57.752, X0001, "Power restored"
03/09/2020, 15:40:08.019, X2032, "SSI_EVE, Assert"
03/10/2020, 08:54:25.708, X2048, "SALARM, Assert"
03/10/2020, 08:54:26.708, X1048, "SALARM, Deassert"
03/11/2020, 11:21:27.661, X1032, "SSI_EVE, Deassert"
03/11/2020, 11:21:27.669, X2032, "SSI_EVE, Assert"
03/11/2020, 11:21:29.935, X1032, "SSI_EVE, Deassert"
03/11/2020, 11:21:29.943, X2032, "SSI_EVE, Assert"
03/11/2020, 11:21:29.951, X1032, "SSI_EVE, Deassert"
03/11/2020, 11:21:29.960, X2032, "SSI_EVE, Assert"
03/11/2020, 11:21:29.968, X1032, "SSI_EVE, Deassert"
03/11/2020, 11:21:29.976, X2032, "SSI_EVE, Assert"
03/11/2020, 11:21:30.351, X1032, "SSI_EVE, Deassert"
03/11/2020, 11:21:30.476, X0002, "Power loss"
03/11/2020, 11:23:30.309, X0001, "Power restored"
03/11/2020, 11:23:40.576, X2032, "SSI_EVE, Assert"
03/11/2020, 11:24:45.636, X1032, "SSI_EVE, Deassert"
03/11/2020, 11:24:45.644, X2032, "SSI_EVE, Assert"
03/11/2020, 11:24:45.652, X1032, "SSI_EVE, Deassert"
03/11/2020, 11:24:45.660, X2032, "SSI_EVE, Assert"
03/11/2020, 11:24:45.669, X1032, "SSI_EVE, Deassert"
03/11/2020, 11:24:45.677, X2032, "SSI_EVE, Assert"
03/11/2020, 11:24:45.685, X1032, "SSI_EVE, Deassert"
03/11/2020, 11:24:45.694, X2032, "SSI_EVE, Assert"
03/11/2020, 11:24:45.702, X1032, "SSI_EVE, Deassert"
03/11/2020, 11:24:45.710, X2032, "SSI_EVE, Assert"
03/11/2020, 11:24:45.719, X1032, "SSI_EVE, Deassert"
03/11/2020, 11:24:45.727, X2032, "SSI_EVE, Assert"
03/11/2020, 11:24:45.735, X1032, "SSI_EVE, Deassert"
03/11/2020, 11:24:45.744, X2032, "SSI_EVE, Assert"
03/11/2020, 11:24:45.752, X1032, "SSI_EVE, Deassert"
03/11/2020, 11:24:45.760, X2032, "SSI_EVE, Assert"
03/11/2020, 11:24:45.769, X1032, "SSI_EVE, Deassert"
03/11/2020, 11:24:45.777, X2032, "SSI_EVE, Assert"
03/11/2020, 11:24:45.785, X1032, "SSI_EVE, Deassert"
03/11/2020, 11:24:45.794, X2032, "SSI_EVE, Assert"
03/11/2020, 11:24:45.802, X1032, "SSI_EVE, Deassert"
03/11/2020, 11:24:45.810, X2032, "SSI_EVE, Assert"
03/11/2020, 11:24:45.819, X1032, "SSI_EVE, Deassert"
03/11/2020, 11:24:45.827, X2032, "SSI_EVE, Assert"
03/11/2020, 11:24:45.835, X1032, "SSI_EVE, Deassert"
03/11/2020, 11:24:45.844, X2032, "SSI_EVE, Assert"
03/11/2020, 11:24:45.852, X1032, "SSI_EVE, Deassert"
03/11/2020, 11:24:45.860, X2032, "SSI_EVE, Assert"
03/11/2020, 11:24:45.869, X1032, "SSI_EVE, Deassert"
03/11/2020, 11:24:45.877, X2032, "SSI_EVE, Assert"
03/11/2020, 11:24:45.877, X0002, "Power loss"
03/11/2020, 11:27:47.762, X0001, "Power restored"
03/11/2020, 11:27:58.028, X2032, "SSI_EVE, Assert"
03/11/2020, 11:30:50.606, X1032, "SSI_EVE, Deassert"
03/11/2020, 11:30:50.748, X0002, "Power loss"
03/11/2020, 13:26:34.314, X0001, "Power restored"
03/11/2020, 13:26:44.573, X2032, "SSI_EVE, Assert"
03/11/2020, 14:55:31.173, X0002, "Power loss"
03/11/2020, 14:55:35.691, X0001, "Power restored"
03/11/2020, 14:55:45.750, X2032, "SSI_EVE, Assert"
03/12/2020, 08:24:07.708, X0002, "Power loss"
03/12/2020, 10:11:23.922, X0001, "Power restored"
03/12/2020, 10:24:00.172, X0002, "Power loss"
03/31/2020, 07:17:58.290, X0001, "Power restored"
03/31/2020, 09:47:36.540, X2048, "SALARM, Assert"
03/31/2020, 09:47:37.540, X1048, "SALARM, Deassert"
03/31/2020, 09:47:47.773, X0000, "Device settings changed"
03/31/2020, 09:47:47.790, X2048, "SALARM, Assert"
03/31/2020, 09:47:48.790, X1048, "SALARM, Deassert"
03/31/2020, 10:26:41.540, X2048, "SALARM, Assert"
03/31/2020, 10:26:42.540, X1048, "SALARM, Deassert"
03/31/2020, 10:26:47.740, X0000, "Device settings changed"
03/31/2020, 10:26:48.190, X2048, "SALARM, Assert"
03/31/2020, 10:26:49.190, X1048, "SALARM, Deassert"
03/31/2020, 11:24:11.806, X0002, "Power loss"
03/31/2020, 11:52:29.879, X0001, "Power restored"
03/31/2020, 11:53:27.337, X2032, "SSI_EVE, Assert"
04/01/2020, 09:43:59.741, X2048, "SALARM, Assert"
04/01/2020, 09:44:00.741, X1048, "SALARM, Deassert"
04/01/2020, 09:44:04.667, X0000, "Device settings changed"
04/01/2020, 09:44:04.993, X2048, "SALARM, Assert"
04/01/2020, 09:44:05.993, X1048, "SALARM, Deassert"
04/01/2020, 11:38:13.287, X0002, "Power loss"
04/01/2020, 11:38:33.685, X0001, "Power restored"
04/01/2020, 11:38:43.743, X2032, "SSI_EVE, Assert"
04/01/2020, 12:27:21.472, X1032, "SSI_EVE, Deassert"
04/01/2020, 12:27:21.656, X2032, "SSI_EVE, Assert"
04/01/2020, 12:27:21.839, X1032, "SSI_EVE, Deassert"
04/01/2020, 12:27:21.939, X2032, "SSI_EVE, Assert"
04/01/2020, 12:27:22.406, X1032, "SSI_EVE, Deassert"
04/01/2020, 12:27:22.647, X2032, "SSI_EVE, Assert"
04/01/2020, 12:27:22.747, X1032, "SSI_EVE, Deassert"
04/01/2020, 12:27:22.922, X2032, "SSI_EVE, Assert"
04/01/2020, 12:27:22.964, X1032, "SSI_EVE, Deassert"
04/01/2020, 12:27:23.172, X2032, "SSI_EVE, Assert"
04/01/2020, 12:27:56.087, X1032, "SSI_EVE, Deassert"
04/01/2020, 13:21:24.921, X2032, "SSI_EVE, Assert"
04/01/2020, 13:21:25.046, X1032, "SSI_EVE, Deassert"
04/01/2020, 14:03:39.281, X0002, "Power loss"
04/02/2020, 09:48:56.061, X0001, "Power restored"
04/02/2020, 11:44:52.569, X0002, "Power loss"
04/02/2020, 12:03:50.887, X0001, "Power restored"
04/02/2020, 12:04:01.145, X2032, "SSI_EVE, Assert"
04/02/2020, 12:10:12.072, X2048, "SALARM, Assert"
04/02/2020, 12:10:13.036, X1048, "SALARM, Deassert"
04/02/2020, 12:10:47.575, X0000, "Device settings changed"
04/02/2020, 12:10:49.666, X2048, "SALARM, Assert"
04/02/2020, 12:10:50.628, X1048, "SALARM, Deassert"
04/02/2020, 12:10:50.628, X0002, "Power loss"
04/02/2020, 12:10:58.882, X0001, "Power restored"
04/02/2020, 12:11:19.198, X2032, "SSI_EVE, Assert"
04/02/2020, 12:11:36.189, X2048, "SALARM, Assert"
04/02/2020, 12:11:37.154, X1048, "SALARM, Deassert"
04/02/2020, 12:14:13.156, X1032, "SSI_EVE, Deassert"
04/02/2020, 12:14:13.164, X2032, "SSI_EVE, Assert"
04/02/2020, 12:16:06.620, X2048, "SALARM, Assert"
04/02/2020, 12:16:07.578, X1048, "SALARM, Deassert"
04/02/2020, 12:16:25.518, X0000, "Device settings changed"
04/02/2020, 12:16:25.814, X2048, "SALARM, Assert"
04/02/2020, 12:16:26.774, X1048, "SALARM, Deassert"
04/02/2020, 12:16:34.452, X0000, "Device settings changed"
04/02/2020, 12:16:34.820, X2048, "SALARM, Assert"
04/02/2020, 12:16:35.780, X1048, "SALARM, Deassert"
04/02/2020, 12:16:42.518, X0000, "Device settings changed"
04/02/2020, 12:16:42.837, X2048, "SALARM, Assert"
04/02/2020, 12:16:43.796, X1048, "SALARM, Deassert"
04/02/2020, 12:19:40.843, X2048, "SALARM, Assert"
04/02/2020, 12:19:41.800, X1048, "SALARM, Deassert"
04/02/2020, 12:22:31.051, X2048, "SALARM, Assert"
04/02/2020, 12:22:32.008, X1048, "SALARM, Deassert"
04/02/2020, 12:23:01.183, X0000, "Device settings changed"
04/02/2020, 12:23:03.195, X2048, "SALARM, Assert"
04/02/2020, 12:23:04.153, X1048, "SALARM, Deassert"
04/02/2020, 12:23:04.153, X0002, "Power loss"
04/02/2020, 12:23:12.476, X0001, "Power restored"
04/02/2020, 12:23:39.916, X2032, "SSI_EVE, Assert"
04/02/2020, 12:35:21.499, X2048, "SALARM, Assert"
04/02/2020, 12:35:22.454, X1048, "SALARM, Deassert"
04/02/2020, 12:35:27.491, X0000, "Device settings changed"
04/02/2020, 12:35:27.833, X2048, "SALARM, Assert"
04/02/2020, 12:35:28.788, X1048, "SALARM, Deassert"
04/02/2020, 14:04:17.998, X0002, "Power loss"
04/17/2020, 08:01:34.306, X0001, "Power restored"
04/17/2020, 08:05:59.389, X2048, "SALARM, Assert"
04/17/2020, 08:06:00.389, X1048, "SALARM, Deassert"
04/17/2020, 08:07:07.014, X0000, "Device settings changed"
04/17/2020, 08:07:07.014, X0002, "Power loss"
04/17/2020, 08:07:10.223, X0001, "Power restored"
04/17/2020, 08:11:20.981, X2048, "SALARM, Assert"
04/17/2020, 08:11:21.981, X1048, "SALARM, Deassert"
04/17/2020, 08:11:37.681, X0000, "Device settings changed"
04/17/2020, 08:11:37.681, X0002, "Power loss"
04/17/2020, 08:11:40.898, X0001, "Power restored"
04/17/2020, 08:23:04.631, X2048, "SALARM, Assert"
04/17/2020, 08:23:05.631, X1048, "SALARM, Deassert"
04/17/2020, 08:23:58.231, X0000, "Device settings changed"
04/17/2020, 08:23:58.231, X0002, "Power loss"
04/17/2020, 08:24:01.447, X0001, "Power restored"
04/17/2020, 08:43:00.647, X2048, "SALARM, Assert"
04/17/2020, 08:43:01.647, X1048, "SALARM, Deassert"
04/17/2020, 08:45:25.164, X0000, "Device settings changed"
04/17/2020, 08:45:25.164, X0002, "Power loss"
04/17/2020, 08:45:28.380, X0001, "Power restored"
04/17/2020, 08:54:39.830, X2048, "SALARM, Assert"
04/17/2020, 08:54:40.830, X1048, "SALARM, Deassert"
04/17/2020, 08:54:53.763, X0000, "Device settings changed"
04/17/2020, 08:55:00.246, X0002, "Power loss"
04/17/2020, 08:55:02.971, X0001, "Power restored"
04/17/2020, 09:22:19.888, X2048, "SALARM, Assert"
04/17/2020, 09:22:20.888, X1048, "SALARM, Deassert"
04/17/2020, 09:24:51.055, X0000, "Device settings changed"
04/17/2020, 09:24:51.288, X2048, "SALARM, Assert"
04/17/2020, 09:24:52.288, X1048, "SALARM, Deassert"
04/17/2020, 10:32:40.504, X0002, "Power loss"
05/12/2020, 19:43:53.560, X0001, "Power restored"
05/13/2020, 18:32:14.629, X2048, "SALARM, Assert"
05/13/2020, 18:32:15.629, X1048, "SALARM, Deassert"
05/13/2020, 18:48:28.429, X2048, "SALARM, Assert"
05/13/2020, 18:48:29.429, X1048, "SALARM, Deassert"
05/13/2020, 18:48:48.670, X0000, "Device settings changed"
05/13/2020, 18:48:48.670, X0002, "Power loss"
05/13/2020, 18:48:58.879, X0001, "Power restored"
05/13/2020, 18:51:00.604, X2048, "SALARM, Assert"
05/13/2020, 18:51:01.604, X1048, "SALARM, Deassert"
05/13/2020, 18:54:16.387, X2048, "SALARM, Assert"
05/13/2020, 18:54:17.387, X1048, "SALARM, Deassert"
05/13/2020, 18:58:53.862, X2048, "SALARM, Assert"
05/13/2020, 18:58:54.862, X1048, "SALARM, Deassert"
05/13/2020, 19:00:19.946, X2048, "SALARM, Assert"
05/13/2020, 19:00:20.946, X1048, "SALARM, Deassert"
05/13/2020, 19:01:16.654, X2048, "SALARM, Assert"
05/13/2020, 19:01:17.654, X1048, "SALARM, Deassert"
05/13/2020, 19:04:08.979, X2048, "SALARM, Assert"
05/13/2020, 19:04:09.979, X1048, "SALARM, Deassert"
05/13/2020, 19:08:28.062, X2048, "SALARM, Assert"
05/13/2020, 19:08:29.062, X1048, "SALARM, Deassert"
05/13/2020, 19:08:39.162, X0000, "Device settings changed"
05/13/2020, 19:08:39.162, X0002, "Power loss"
05/13/2020, 19:08:48.377, X0001, "Power restored"
05/13/2020, 19:16:42.510, X2048, "SALARM, Assert"
05/13/2020, 19:16:43.510, X1048, "SALARM, Deassert"
05/13/2020, 19:20:41.151, X2048, "SALARM, Assert"
05/13/2020, 19:20:42.151, X1048, "SALARM, Deassert"
05/13/2020, 19:29:23.126, X2048, "SALARM, Assert"
05/13/2020, 19:29:24.126, X1048, "SALARM, Deassert"
05/13/2020, 19:29:38.760, X2048, "SALARM, Assert"
05/13/2020, 19:29:39.760, X1048, "SALARM, Deassert"
05/13/2020, 19:30:32.943, X2048, "SALARM, Assert"
05/13/2020, 19:30:33.943, X1048, "SALARM, Deassert"
05/13/2020, 19:31:19.343, X2048, "SALARM, Assert"
05/13/2020, 19:31:20.343, X1048, "SALARM, Deassert"
05/13/2020, 19:31:44.026, X2048, "SALARM, Assert"
05/13/2020, 19:31:45.026, X1048, "SALARM, Deassert"
05/13/2020, 19:31:53.426, X2048, "SALARM, Assert"
05/13/2020, 19:31:54.426, X1048, "SALARM, Deassert"
05/13/2020, 19:32:35.226, X2048, "SALARM, Assert"
05/13/2020, 19:32:36.226, X1048, "SALARM, Deassert"
05/13/2020, 19:32:55.343, X2048, "SALARM, Assert"
05/13/2020, 19:32:56.343, X1048, "SALARM, Deassert"
05/13/2020, 19:34:08.326, X2048, "SALARM, Assert"
05/13/2020, 19:34:09.326, X1048, "SALARM, Deassert"
05/13/2020, 19:34:29.118, X2048, "SALARM, Assert"
05/13/2020, 19:34:30.118, X1048, "SALARM, Deassert"
05/13/2020, 19:34:33.360, X2048, "SALARM, Assert"
05/13/2020, 19:34:34.360, X1048, "SALARM, Deassert"
05/13/2020, 19:35:39.718, X2048, "SALARM, Assert"
05/13/2020, 19:35:40.718, X1048, "SALARM, Deassert"
05/13/2020, 19:37:37.101, X2048, "SALARM, Assert"
05/13/2020, 19:37:38.101, X1048, "SALARM, Deassert"
05/13/2020, 19:37:52.501, X2048, "SALARM, Assert"
05/13/2020, 19:37:53.501, X1048, "SALARM, Deassert"
05/14/2020, 20:38:43.487, X2048, "SALARM, Assert"
05/14/2020, 20:38:44.487, X1048, "SALARM, Deassert"
05/14/2020, 20:39:23.504, X2048, "SALARM, Assert"
05/14/2020, 20:39:24.504, X1048, "SALARM, Deassert"
05/15/2020, 12:38:29.349, X2048, "SALARM, Assert"
05/15/2020, 12:38:30.349, X1048, "SALARM, Deassert"
05/15/2020, 12:38:56.016, X2048, "SALARM, Assert"
05/15/2020, 12:38:57.016, X1048, "SALARM, Deassert"
05/15/2020, 12:39:06.616, X2048, "SALARM, Assert"
05/15/2020, 12:39:07.616, X1048, "SALARM, Deassert"
05/15/2020, 12:40:00.649, X2048, "SALARM, Assert"
05/15/2020, 12:40:01.649, X1048, "SALARM, Deassert"
05/15/2020, 12:42:48.666, X2048, "SALARM, Assert"
05/15/2020, 12:42:49.666, X1048, "SALARM, Deassert"
05/20/2020, 11:53:17.650, X2048, "SALARM, Assert"
05/20/2020, 11:53:18.650, X1048, "SALARM, Deassert"
05/20/2020, 11:53:31.692, X2048, "SALARM, Assert"
05/20/2020, 11:53:32.692, X1048, "SALARM, Deassert"
05/20/2020, 12:02:20.250, X2048, "SALARM, Assert"
05/20/2020, 12:02:21.250, X1048, "SALARM, Deassert"
05/20/2020, 15:04:00.008, X0003, "Time change (manual set occurred)"
05/20/2020, 15:06:04.483, X2048, "SALARM, Assert"
05/20/2020, 15:06:05.483, X1048, "SALARM, Deassert"
05/20/2020, 15:06:08.075, X2048, "SALARM, Assert"
05/20/2020, 15:06:09.075, X1048, "SALARM, Deassert"
05/20/2020, 15:13:11.633, X2048, "SALARM, Assert"
05/20/2020, 15:13:12.633, X1048, "SALARM, Deassert"
05/22/2020, 06:35:28.989, X0002, "Power loss"
05/22/2020, 06:35:39.325, X0001, "Power restored"
Record, Date, Time, Status, "IA", "IB", "IC", "IN"
261, 04/02/2020, 12:17:00, "...", 2.56276655, 2.03241014, 1.46669698, 0
260, 04/02/2020, 12:18:00, "...", 2.55962801, 2.03187513, 1.46074557, 0
259, 04/02/2020, 12:19:00, "...", 2.545964, 2.02180862, 1.46188354, 0
258, 04/02/2020, 12:20:00, "...", 2.53376842, 2.01952219, 1.49390411, 0
257, 04/02/2020, 12:21:00, "...", 2.53248215, 2.02194667, 1.53836489, 0
256, 04/02/2020, 12:22:00, "...", 2.5278039, 2.02905798, 1.59770381, 0
255, 04/02/2020, 12:23:00, "...", 2.53093219, 2.03268456, 1.62092817, 0
254, 04/02/2020, 12:24:00, "(2;3)", 2.51235151, 0.04086277, 1.60938275, 2.05121922
253, 04/02/2020, 12:25:00, "...", 2.53212619, 0, 1.62806153, 2.03448391
252, 04/02/2020, 12:26:00, "...", 2.54433274, 0, 1.65727806, 2.04411316
251, 04/02/2020, 12:27:00, "...", 2.55464458, 0, 1.68264914, 2.04788709
250, 04/02/2020, 12:28:00, "...", 2.54213858, 0.65640897, 1.71295857, 2.25868678
249, 04/02/2020, 12:29:00, "...", 2.54961133, 0.92972535, 1.72322035, 2.41839051
248, 04/02/2020, 12:30:00, "...", 2.50273323, 0.9040677, 0.81259841, 2.30070662
247, 04/02/2020, 12:31:00, "...", 2.012604, 0.88984156, 2.46252513, 3.6199708
246, 04/02/2020, 12:32:00, "...", 1.81915402, 0.80619705, 0.15930855, 2.28297329
245, 04/02/2020, 12:33:00, "...", 2.47776198, 0.48271188, 0.58200455, 2.65138745
244, 04/02/2020, 12:34:00, "...", 2.36640644, 0.69293958, 0.18090445, 2.49175811
243, 04/02/2020, 12:35:00, "...", 2.40349889, 0.73734254, 0.18031962, 2.3936727
242, 04/02/2020, 12:36:00, "...", 2.49468756, 0.91137803, 1.48159516, 3.02228022
241, 04/02/2020, 12:37:00, "...", 2.49412107, 0.90222621, 1.50318277, 2.99680495
240, 04/02/2020, 12:38:00, "...", 2.50251174, 0.89487255, 1.60605311, 3.07713151
239, 04/02/2020, 12:39:00, "...", 2.49992204, 0.89330059, 1.65970528, 3.11093068
238, 04/02/2020, 12:40:00, "...", 2.50178981, 0.88942403, 1.68129146, 3.1305871
237, 04/02/2020, 12:41:00, "...", 2.49902248, 0.88795096, 1.72169268, 3.15478134
236, 04/02/2020, 12:42:00, "...", 2.4984653, 0.88504416, 1.71670222, 3.15306067
235, 04/02/2020, 12:43:00, "...", 2.49672151, 0.88297015, 1.71638727, 3.15237451
234, 04/02/2020, 12:44:00, "...", 2.49952865, 0.88342428, 1.68909264, 3.1377871
233, 04/02/2020, 12:45:00, "...", 2.49493313, 0.87965953, 1.6577512, 3.11454511
232, 04/02/2020, 12:46:00, "...", 2.49481869, 0.88236797, 1.62962639, 3.09484673
231, 04/02/2020, 12:47:00, "...", 2.49149084, 0.87599587, 1.58909035, 3.06831765
230, 04/02/2020, 12:48:00, "...", 2.49014878, 0.87680137, 1.58242691, 3.06205773
229, 04/02/2020, 12:49:00, "...", 2.48563957, 0.87284839, 1.57252252, 3.05228233
228, 04/02/2020, 12:50:00, "...", 2.48802614, 0.87233174, 1.5422883, 3.03675604
227, 04/02/2020, 12:51:00, "...", 2.48654485, 0.86934108, 1.52502215, 3.02578926
226, 04/02/2020, 12:52:00, "...", 2.49118304, 0.86844087, 1.5178138, 3.02741694
225, 04/02/2020, 12:53:00, "...", 2.49216652, 0.87213153, 1.53863966, 3.03990555
224, 04/02/2020, 12:54:00, "...", 2.48775196, 0.87393427, 1.52801085, 3.02712202
223, 04/02/2020, 12:55:00, "...", 2.4899497, 0.87213099, 1.4974618, 3.01267004
222, 04/02/2020, 12:56:00, "...", 1.50322735, 0.87424421, 1.47922349, 2.07011056
221, 04/02/2020, 12:57:00, "...", 0, 0.87890464, 1.47089207, 0.64421803
220, 04/02/2020, 12:58:00, "...", 0, 0.87703055, 1.4749099, 0.64965415
219, 04/02/2020, 12:59:00, "...", 0, 0.87979573, 1.46306658, 0.63665813
218, 04/02/2020, 13:00:00, "...", 0, 0.87018925, 1.45014322, 0.63256031
217, 04/02/2020, 13:01:00, "...", 0, 0.87437481, 1.44082725, 0.62062877
216, 04/02/2020, 13:02:00, "...", 0, 0.87389511, 1.43467677, 0.61550426
215, 04/02/2020, 13:03:00, "...", 0, 0.87669861, 1.42854476, 0.60747093
214, 04/02/2020, 13:04:00, "...", 0, 0.87310559, 1.4151895, 0.59862441
213, 04/02/2020, 13:05:00, "...", 0, 0.87345803, 1.42158461, 0.60367393
212, 04/02/2020, 13:06:00, "...", 0, 0.87283999, 1.40808272, 0.59225386
211, 04/02/2020, 13:07:00, "...", 0, 0.87299532, 1.39502525, 0.58068913
210, 04/02/2020, 13:08:00, "...", 0, 0.87173349, 1.39426696, 0.5816102
209, 04/02/2020, 13:09:00, "...", 0, 0.87394398, 1.387779, 0.57331753
208, 04/02/2020, 13:10:00, "...", 0, 0.87194842, 1.39574659, 0.58193624
207, 04/02/2020, 13:11:00, "...", 0, 0.87291801, 1.38476467, 0.57124847
206, 04/02/2020, 13:12:00, "...", 0, 0.87319958, 1.38154149, 0.56884855
205, 04/02/2020, 13:13:00, "...", 0, 0.87176764, 1.37998271, 0.56839883
204, 04/02/2020, 13:14:00, "...", 0, 0.87081259, 1.37816203, 0.56742918
203, 04/02/2020, 13:15:00, "...", 0, 0.8723911, 1.37219369, 0.56072462
202, 04/02/2020, 13:16:00, "...", 0, 0.87145746, 1.36591053, 0.55607891
201, 04/02/2020, 13:17:00, "...", 0, 0.86909151, 1.36924922, 0.56073356
200, 04/02/2020, 13:18:00, "...", 0, 0.87502253, 1.36673641, 0.5546394
199, 04/02/2020, 13:19:00, "...", 2.6947608, 0.86908948, 1.36430776, 3.29372096
198, 04/02/2020, 13:20:00, "...", 2.50751162, 0.86590695, 1.35666335, 2.94482899
197, 04/02/2020, 13:21:00, "...", 2.50641513, 0.86695886, 1.34664023, 2.93789577
196, 04/02/2020, 13:22:00, "...", 2.50503683, 0.8670646, 1.33960569, 2.93262935
195, 04/02/2020, 13:23:00, "...", 2.50274277, 0.86684513, 1.34256899, 2.93126965
194, 04/02/2020, 13:24:00, "...", 2.50127888, 0.86541241, 1.34177804, 2.93040633
193, 04/02/2020, 13:25:00, "...", 2.50099039, 0.86506593, 1.34158504, 2.93036151
192, 04/02/2020, 13:26:00, "...", 2.49606705, 0.86723566, 1.3353653, 2.91972184
191, 04/02/2020, 13:27:00, "...", 2.4968605, 0.86761147, 1.32826984, 2.91701078
190, 04/02/2020, 13:28:00, "...", 2.48983455, 0.86794698, 1.32843184, 2.90865755
189, 04/02/2020, 13:29:00, "...", 2.49348879, 0.86692852, 1.32434094, 2.91326618
188, 04/02/2020, 13:30:00, "...", 2.49293756, 0.86685151, 1.32134533, 2.91116738
187, 04/02/2020, 13:31:00, "...", 2.48658919, 0.8661952, 1.32247674, 2.90429306
186, 04/02/2020, 13:32:00, "...", 2.48410916, 0.86375892, 1.32708693, 2.90326786
185, 04/02/2020, 13:33:00, "...", 2.47898006, 0.8654843, 1.32466674, 2.89601302
184, 04/02/2020, 13:34:00, "...", 2.47813416, 0.82059151, 1.31907368, 2.93173909
183, 04/02/2020, 13:35:00, "...", 0.30184585, 0, 0.41952282, 0.68435895
182, 04/02/2020, 13:36:00, "...", 0, 0, 0, 0
181, 04/02/2020, 13:37:00, "...", 0, 0, 0, 0
180, 04/02/2020, 13:38:00, "...", 0, 0, 0, 0
179, 04/02/2020, 13:39:00, "...", 0, 0, 0, 0
178, 04/02/2020, 13:40:00, "...", 0, 0, 0, 0
177, 04/02/2020, 13:41:00, "...", 0, 0, 0, 0
176, 04/02/2020, 13:42:00, "...", 0, 0, 0, 0
175, 04/02/2020, 13:43:00, "...", 0, 0, 0, 0
174, 04/02/2020, 13:44:00, "...", 0, 0, 0, 0
173, 04/02/2020, 13:45:00, "...", 0, 0, 0, 0
172, 04/02/2020, 13:46:00, "...", 0, 0, 0, 0
171, 04/02/2020, 13:47:00, "...", 0, 0, 0, 0
170, 04/02/2020, 13:48:00, "...", 0, 0, 0, 0
169, 04/02/2020, 13:49:00, "...", 0, 0, 0, 0
168, 04/02/2020, 13:50:00, "...", 0, 0, 0, 0
167, 04/02/2020, 13:51:00, "...", 0, 0, 0, 0
166, 04/02/2020, 13:52:00, "...", 0, 0, 0, 0
165, 04/02/2020, 13:53:00, "...", 0, 0, 0, 0
164, 04/02/2020, 13:54:00, "...", 0, 0, 0, 0
163, 04/02/2020, 13:55:00, "...", 0, 0, 0, 0
162, 04/02/2020, 13:56:00, "...", 0, 0, 0, 0
161, 04/02/2020, 13:57:00, "...", 0, 0, 0, 0
160, 04/02/2020, 13:58:00, "...", 0, 0, 0, 0
159, 04/02/2020, 13:59:00, "...", 0, 0, 0, 0
158, 04/02/2020, 14:00:00, "...", 0, 0, 0, 0
157, 04/02/2020, 14:01:00, "...", 0, 0, 0, 0
156, 04/02/2020, 14:02:00, "...", 0, 0, 0, 0
155, 04/02/2020, 14:03:00, "...", 0, 0, 0, 0
154, 04/02/2020, 14:04:00, "...", 0, 0, 0, 0
153, 04/02/2020, 14:05:00, "(2)", 0, 0, 0, 0
152, 04/17/2020, 08:02:00, "(2;3)", 0.01877988, 0.08078815, 0.01015767, 0.12966493
151, 04/17/2020, 08:03:00, "...", 0, 0, 0, 0
150, 04/17/2020, 08:04:00, "...", 0, 0, 0, 0
149, 04/17/2020, 08:05:00, "...", 0, 0, 0, 0
148, 04/17/2020, 08:06:00, "...", 0, 0, 0, 0
147, 04/17/2020, 08:07:00, "...", 0, 0, 0, 0
146, 04/17/2020, 08:08:00, "(2;3)", 0.00944383, 0.04131167, 0, 0.06543497
145, 04/17/2020, 08:09:00, "...", 0, 0, 0, 0
144, 04/17/2020, 08:10:00, "...", 0, 0, 0, 0
143, 04/17/2020, 08:11:00, "...", 0, 0, 0, 0
142, 04/17/2020, 08:12:00, "(2;3)", 0.02422376, 0.10646325, 0, 0.1687216
141, 04/17/2020, 08:13:00, "...", 0, 0, 0, 0
140, 04/17/2020, 08:14:00, "...", 0, 0, 0, 0
139, 04/17/2020, 08:15:00, "...", 0, 0, 0, 0
138, 04/17/2020, 08:16:00, "...", 0, 0, 0, 0
137, 04/17/2020, 08:17:00, "...", 0, 0, 0, 0
136, 04/17/2020, 08:18:00, "...", 0, 0, 0, 0
135, 04/17/2020, 08:19:00, "...", 0, 0, 0, 0
134, 04/17/2020, 08:20:00, "...", 0, 0, 0, 0
133, 04/17/2020, 08:21:00, "...", 0, 0, 0, 0
132, 04/17/2020, 08:22:00, "...", 0, 0, 0, 0
131, 04/17/2020, 08:23:00, "...", 0, 0, 0, 0
130, 04/17/2020, 08:24:00, "(2)", 0, 0, 0, 0
129, 04/17/2020, 08:25:00, "(2;3)", 0.00780229, 0.03467376, 0, 0.05412855
128, 04/17/2020, 08:26:00, "...", 0, 0, 0, 0
127, 04/17/2020, 08:27:00, "...", 0, 0, 0, 0
126, 04/17/2020, 08:28:00, "...", 0, 0, 0, 0
125, 04/17/2020, 08:29:00, "...", 0, 0, 0, 0
124, 04/17/2020, 08:30:00, "...", 0, 0, 0, 0
123, 04/17/2020, 08:31:00, "...", 0, 0, 0, 0
122, 04/17/2020, 08:32:00, "...", 0, 0, 0, 0
121, 04/17/2020, 08:33:00, "...", 0, 0, 0, 0
120, 04/17/2020, 08:34:00, "...", 0, 0, 0, 0
119, 04/17/2020, 08:35:00, "...", 0, 0, 0, 0
118, 04/17/2020, 08:36:00, "...", 0, 0, 0, 0
117, 04/17/2020, 08:37:00, "...", 0, 0, 0, 0
116, 04/17/2020, 08:38:00, "...", 0, 0, 0, 0
115, 04/17/2020, 08:39:00, "...", 0, 0, 0, 0
114, 04/17/2020, 08:40:00, "...", 0, 0, 0, 0
113, 04/17/2020, 08:41:00, "...", 0, 0, 0, 0
112, 04/17/2020, 08:42:00, "...", 0, 0, 0, 0
111, 04/17/2020, 08:43:00, "...", 0, 0, 0, 0
110, 04/17/2020, 08:44:00, "...", 0, 0, 0, 0
109, 04/17/2020, 08:45:00, "...", 0, 0, 0, 0
108, 04/17/2020, 08:46:00, "(2;3)", 0.01378664, 0.06364761, 0, 0.09830451
107, 04/17/2020, 08:47:00, "...", 0, 0, 0, 0
106, 04/17/2020, 08:48:00, "...", 0, 0, 0, 0
105, 04/17/2020, 08:49:00, "...", 0, 0, 0, 0
104, 04/17/2020, 08:50:00, "...", 0, 0, 0, 0
103, 04/17/2020, 08:51:00, "...", 0, 0, 0, 0
102, 04/17/2020, 08:52:00, "...", 0, 0, 0, 0
101, 04/17/2020, 08:53:00, "...", 0, 0, 0, 0
100, 04/17/2020, 08:54:00, "...", 0, 0, 0, 0
99, 04/17/2020, 08:55:00, "...", 0, 0, 0, 0
98, 04/17/2020, 08:56:00, "(2;3)", 0.00774895, 0.03536724, 0, 0.05499186
97, 04/17/2020, 08:57:00, "...", 0, 0, 0, 0
96, 04/17/2020, 08:58:00, "...", 0, 0, 0, 0
95, 04/17/2020, 08:59:00, "...", 0, 0, 0, 0
94, 04/17/2020, 09:00:00, "...", 0, 0, 0, 0
93, 04/17/2020, 09:01:00, "...", 0, 0, 0, 0
92, 04/17/2020, 09:02:00, "...", 0, 0, 0, 0
91, 04/17/2020, 09:03:00, "...", 0, 0, 0, 0
90, 04/17/2020, 09:04:00, "...", 0, 0, 0, 0
89, 04/17/2020, 09:05:00, "...", 0, 0, 0, 0
88, 04/17/2020, 09:06:00, "...", 0, 0, 0, 0
87, 04/17/2020, 09:07:00, "...", 0, 0, 0, 0
86, 04/17/2020, 09:08:00, "...", 0, 0, 0, 0
85, 04/17/2020, 09:09:00, "...", 0, 0, 0, 0
84, 04/17/2020, 09:10:00, "...", 0, 0, 0, 0
83, 04/17/2020, 09:11:00, "...", 0, 0, 0, 0
82, 04/17/2020, 09:12:00, "...", 0, 0, 0, 0
81, 04/17/2020, 09:13:00, "...", 0, 0, 0, 0
80, 04/17/2020, 09:14:00, "...", 0, 0, 0, 0
79, 04/17/2020, 09:15:00, "...", 0, 0, 0, 0
78, 04/17/2020, 09:16:00, "...", 0, 0, 0, 0
77, 04/17/2020, 09:17:00, "...", 0, 0, 0, 0
76, 04/17/2020, 09:18:00, "...", 0, 0, 0, 0
75, 04/17/2020, 09:19:00, "...", 0, 0, 0, 0
74, 04/17/2020, 09:20:00, "...", 0, 0, 0, 0
73, 04/17/2020, 09:21:00, "...", 0, 0, 0, 0
72, 04/17/2020, 09:22:00, "...", 0, 0, 0, 0
71, 04/17/2020, 09:23:00, "...", 0, 0, 0, 0
70, 04/17/2020, 09:24:00, "...", 0, 0, 0, 0
69, 04/17/2020, 09:25:00, "...", 0, 0, 0, 0
68, 04/17/2020, 09:26:00, "...", 0, 0, 0, 0
67, 04/17/2020, 09:27:00, "...", 0, 0, 0, 0
66, 04/17/2020, 09:28:00, "...", 0, 0, 0, 0
65, 04/17/2020, 09:29:00, "...", 0, 0, 0, 0
64, 04/17/2020, 09:30:00, "...", 0, 0, 0, 0
63, 04/17/2020, 09:31:00, "...", 0, 0, 0, 0
62, 04/17/2020, 09:32:00, "...", 0, 0, 0, 0
61, 04/17/2020, 09:33:00, "...", 0, 0, 0, 0
60, 04/17/2020, 09:34:00, "...", 0, 0, 0, 0
59, 04/17/2020, 09:35:00, "...", 0, 0, 0, 0
58, 04/17/2020, 09:36:00, "...", 0, 0, 0, 0
57, 04/17/2020, 09:37:00, "...", 0, 0, 0, 0
56, 04/17/2020, 09:38:00, "...", 0, 0, 0, 0
55, 04/17/2020, 09:39:00, "...", 0, 0, 0, 0
54, 04/17/2020, 09:40:00, "...", 0, 0, 0, 0
53, 04/17/2020, 09:41:00, "...", 0, 0, 0, 0
52, 04/17/2020, 09:42:00, "...", 0, 0, 0, 0
51, 04/17/2020, 09:43:00, "...", 0, 0, 0, 0
50, 04/17/2020, 09:44:00, "...", 0, 0, 0, 0
49, 04/17/2020, 09:45:00, "...", 0, 0, 0, 0
48, 04/17/2020, 09:46:00, "...", 0, 0, 0, 0
47, 04/17/2020, 09:47:00, "...", 0, 0, 0, 0
46, 04/17/2020, 09:48:00, "...", 0, 0, 0, 0
45, 04/17/2020, 09:49:00, "...", 0, 0, 0, 0
44, 04/17/2020, 09:50:00, "...", 0, 0, 0, 0
43, 04/17/2020, 09:51:00, "...", 0, 0, 0, 0
42, 04/17/2020, 09:52:00, "...", 0, 0, 0, 0
41, 04/17/2020, 09:53:00, "...", 0, 0, 0, 0
40, 04/17/2020, 09:54:00, "...", 0, 0, 0, 0
39, 04/17/2020, 09:55:00, "...", 0, 0, 0, 0
38, 04/17/2020, 09:56:00, "...", 0, 0, 0, 0
37, 04/17/2020, 09:57:00, "...", 0, 0, 0, 0
36, 04/17/2020, 09:58:00, "...", 0, 0, 0, 0
35, 04/17/2020, 09:59:00, "...", 0, 0, 0, 0
34, 04/17/2020, 10:00:00, "...", 0, 0, 0, 0
33, 04/17/2020, 10:01:00, "...", 0, 0, 0, 0
32, 04/17/2020, 10:02:00, "...", 0, 0, 0, 0
31, 04/17/2020, 10:03:00, "...", 0, 0, 0, 0
30, 04/17/2020, 10:04:00, "...", 0, 0, 0, 0
29, 04/17/2020, 10:05:00, "...", 0, 0, 0, 0
28, 04/17/2020, 10:06:00, "...", 0, 0, 0, 0
27, 04/17/2020, 10:07:00, "...", 0, 0, 0, 0
26, 04/17/2020, 10:08:00, "...", 0, 0, 0, 0
25, 04/17/2020, 10:09:00, "...", 0, 0, 0, 0
24, 04/17/2020, 10:10:00, "...", 0, 0, 0, 0
23, 04/17/2020, 10:11:00, "...", 0, 0, 0, 0
22, 04/17/2020, 10:12:00, "...", 0, 0, 0, 0
21, 04/17/2020, 10:13:00, "...", 0, 0, 0, 0
20, 04/17/2020, 10:14:00, "...", 0, 0, 0, 0
19, 04/17/2020, 10:15:00, "...", 0, 0, 0, 0
18, 04/17/2020, 10:16:00, "...", 0, 0, 0, 0
17, 04/17/2020, 10:17:00, "...", 0, 0, 0, 0
16, 04/17/2020, 10:18:00, "...", 0, 0, 0, 0
15, 04/17/2020, 10:19:00, "...", 0, 0, 0, 0
14, 04/17/2020, 10:20:00, "...", 0, 0, 0, 0
13, 04/17/2020, 10:21:00, "...", 0, 0, 0, 0
12, 04/17/2020, 10:22:00, "...", 0, 0, 0, 0
11, 04/17/2020, 10:23:00, "...", 0, 0, 0, 0
10, 04/17/2020, 10:24:00, "...", 0, 0, 0, 0
9, 04/17/2020, 10:25:00, "...", 0, 0, 0, 0
8, 04/17/2020, 10:26:00, "...", 0, 0, 0, 0
7, 04/17/2020, 10:27:00, "...", 0, 0, 0, 0
6, 04/17/2020, 10:28:00, "...", 0, 0, 0, 0
5, 04/17/2020, 10:29:00, "...", 0, 0, 0, 0
4, 04/17/2020, 10:30:00, "...", 0, 0, 0, 0
3, 04/17/2020, 10:31:00, "...", 0, 0, 0, 0
2, 04/17/2020, 10:32:00, "...", 0, 0, 0, 0
1, 04/17/2020, 10:33:00, "(2)", 0, 0, 0, 0
