FileType, Version, Date, Time, ChartField, TimeSource, Recorder, Scale, Units, ChartSubType, BaseScaling
LDP, 1, 05/22/2020, 13:01:03, Record, Internal, 10, Unity, Primary, Unknown, Primary
RecNum, Date, Time, Phase, Status
-1, 1, 2, -1, 3
"FREQ"
4
DeviceID, FID, TID, Form, CTR, CTRN, PTR, LDAR
"EPSOL01", "SEL-735-R203-V0-Z101100-D20190828", "STATION A", 9, 200, 200, 1, 60
ChannelName, ChannelFunction, ChannelUnits, ChannelRule, ChannelMult, ChannelRollover, ChannelScale
"FREQ", AVG, "Hz", "1", 1, 999999999, 1
EventDate, EventTime, EventCode, EventDescription
12/23/2019, 08:56:39.717, X0002, "Power loss"
02/10/2020, 09:28:57.906, X0001, "Power restored"
02/10/2020, 09:51:13.189, X2048, "SALARM, Assert"
02/10/2020, 09:51:14.189, X1048, "SALARM, Deassert"
02/10/2020, 09:52:41.064, X0000, "Device settings changed"
02/10/2020, 09:52:41.389, X2048, "SALARM, Assert"
02/10/2020, 09:52:42.389, X1048, "SALARM, Deassert"
02/10/2020, 10:09:41.556, X2048, "SALARM, Assert"
02/10/2020, 10:09:42.556, X1048, "SALARM, Deassert"
02/10/2020, 10:10:12.681, X0000, "Device settings changed"
02/10/2020, 10:10:12.681, X0002, "Power loss"
02/10/2020, 10:10:16.953, X0001, "Power restored"
02/10/2020, 10:38:15.420, X2048, "SALARM, Assert"
02/10/2020, 10:38:16.420, X1048, "SALARM, Deassert"
02/10/2020, 10:38:21.011, X0000, "Device settings changed"
02/10/2020, 10:38:21.303, X2048, "SALARM, Assert"
02/10/2020, 10:38:22.303, X1048, "SALARM, Deassert"
02/10/2020, 10:46:30.136, X2048, "SALARM, Assert"
02/10/2020, 10:46:31.136, X1048, "SALARM, Deassert"
02/10/2020, 10:48:27.320, X0000, "Device settings changed"
02/10/2020, 10:48:27.686, X2048, "SALARM, Assert"
02/10/2020, 10:48:28.686, X1048, "SALARM, Deassert"
02/10/2020, 11:18:17.353, X2048, "SALARM, Assert"
02/10/2020, 11:18:18.353, X1048, "SALARM, Deassert"
02/10/2020, 11:18:23.144, X0000, "Device settings changed"
02/10/2020, 11:18:23.478, X2048, "SALARM, Assert"
02/10/2020, 11:18:24.478, X1048, "SALARM, Deassert"
02/10/2020, 12:39:03.202, X0002, "Power loss"
02/11/2020, 07:41:22.865, X0001, "Power restored"
02/11/2020, 09:28:12.115, X0002, "Power loss"
02/11/2020, 09:28:22.373, X0001, "Power restored"
02/11/2020, 10:53:36.223, X0002, "Power loss"
02/12/2020, 11:01:46.573, X0001, "Power restored"
02/12/2020, 13:52:00.223, X0002, "Power loss"
02/13/2020, 09:01:16.079, X0001, "Power restored"
02/13/2020, 11:08:38.645, X2048, "SALARM, Assert"
02/13/2020, 11:08:39.645, X1048, "SALARM, Deassert"
02/13/2020, 11:10:00.528, X0000, "Device settings changed"
02/13/2020, 11:10:02.245, X2048, "SALARM, Assert"
02/13/2020, 11:10:03.245, X1048, "SALARM, Deassert"
02/13/2020, 11:10:09.128, X0002, "Power loss"
02/13/2020, 11:10:11.522, X0001, "Power restored"
02/13/2020, 12:33:42.164, X0002, "Power loss"
02/18/2020, 08:17:02.517, X0001, "Power restored"
02/18/2020, 08:33:04.975, X2048, "SALARM, Assert"
02/18/2020, 08:33:05.975, X1048, "SALARM, Deassert"
02/18/2020, 08:33:09.783, X0000, "Device settings changed"
02/18/2020, 08:33:10.100, X2048, "SALARM, Assert"
02/18/2020, 08:33:11.100, X1048, "SALARM, Deassert"
02/18/2020, 08:33:18.850, X0000, "Device settings changed"
02/18/2020, 08:33:18.850, X2048, "SALARM, Assert"
02/18/2020, 08:33:19.850, X1048, "SALARM, Deassert"
02/18/2020, 08:45:13.548, X0002, "Power loss"
02/18/2020, 08:45:17.306, X0001, "Power restored"
02/18/2020, 08:45:17.356, X0002, "Power loss"
02/18/2020, 08:45:27.322, X0001, "Power restored"
02/18/2020, 09:07:58.180, X2048, "SALARM, Assert"
02/18/2020, 09:07:59.180, X1048, "SALARM, Deassert"
02/18/2020, 09:08:03.797, X0000, "Device settings changed"
02/18/2020, 09:08:04.072, X2048, "SALARM, Assert"
02/18/2020, 09:08:05.072, X1048, "SALARM, Deassert"
02/18/2020, 09:17:14.430, X2048, "SALARM, Assert"
02/18/2020, 09:17:15.430, X1048, "SALARM, Deassert"
02/18/2020, 09:17:39.213, X0000, "Device settings changed"
02/18/2020, 09:17:40.897, X2048, "SALARM, Assert"
02/18/2020, 09:17:41.897, X1048, "SALARM, Deassert"
02/18/2020, 09:17:45.163, X0002, "Power loss"
02/18/2020, 09:17:50.177, X0001, "Power restored"
02/18/2020, 09:18:06.894, X2048, "SALARM, Assert"
02/18/2020, 09:18:07.894, X1048, "SALARM, Deassert"
02/18/2020, 09:18:35.477, X2048, "SALARM, Assert"
02/18/2020, 09:18:36.477, X1048, "SALARM, Deassert"
02/18/2020, 09:24:59.511, X2048, "SALARM, Assert"
02/18/2020, 09:25:00.511, X1048, "SALARM, Deassert"
02/18/2020, 09:25:17.511, X0000, "Device settings changed"
02/18/2020, 09:25:17.511, X2048, "SALARM, Assert"
02/18/2020, 09:25:18.511, X1048, "SALARM, Deassert"
02/18/2020, 09:26:32.644, X2048, "SALARM, Assert"
02/18/2020, 09:26:33.644, X1048, "SALARM, Deassert"
02/18/2020, 09:26:37.461, X0000, "Device settings changed"
02/18/2020, 09:26:37.744, X2048, "SALARM, Assert"
02/18/2020, 09:26:38.744, X1048, "SALARM, Deassert"
02/18/2020, 09:26:46.936, X0000, "Device settings changed"
02/18/2020, 09:26:46.936, X2048, "SALARM, Assert"
02/18/2020, 09:26:47.936, X1048, "SALARM, Deassert"
02/18/2020, 09:35:39.511, X2048, "SALARM, Assert"
02/18/2020, 09:35:40.511, X1048, "SALARM, Deassert"
02/18/2020, 09:35:44.369, X0000, "Device settings changed"
02/18/2020, 09:35:44.702, X2048, "SALARM, Assert"
02/18/2020, 09:35:45.702, X1048, "SALARM, Deassert"
02/18/2020, 09:35:53.244, X0000, "Device settings changed"
02/18/2020, 09:35:53.244, X2048, "SALARM, Assert"
02/18/2020, 09:35:54.244, X1048, "SALARM, Deassert"
02/18/2020, 09:41:00.961, X2048, "SALARM, Assert"
02/18/2020, 09:41:01.961, X1048, "SALARM, Deassert"
02/18/2020, 09:41:06.077, X0000, "Device settings changed"
02/18/2020, 09:41:06.461, X2048, "SALARM, Assert"
02/18/2020, 09:41:07.461, X1048, "SALARM, Deassert"
02/18/2020, 09:46:09.827, X2048, "SALARM, Assert"
02/18/2020, 09:46:10.827, X1048, "SALARM, Deassert"
02/18/2020, 09:46:17.477, X0000, "Device settings changed"
02/18/2020, 09:46:17.769, X2048, "SALARM, Assert"
02/18/2020, 09:46:18.769, X1048, "SALARM, Deassert"
02/18/2020, 10:10:01.227, X2048, "SALARM, Assert"
02/18/2020, 10:10:02.227, X1048, "SALARM, Deassert"
02/18/2020, 10:10:05.977, X0000, "Device settings changed"
02/18/2020, 10:10:06.319, X2048, "SALARM, Assert"
02/18/2020, 10:10:07.319, X1048, "SALARM, Deassert"
02/18/2020, 10:10:14.769, X0000, "Device settings changed"
02/18/2020, 10:10:14.769, X2048, "SALARM, Assert"
02/18/2020, 10:10:15.769, X1048, "SALARM, Deassert"
02/18/2020, 10:13:47.969, X2048, "SALARM, Assert"
02/18/2020, 10:13:48.969, X1048, "SALARM, Deassert"
02/18/2020, 10:13:52.844, X0000, "Device settings changed"
02/18/2020, 10:13:53.144, X2048, "SALARM, Assert"
02/18/2020, 10:13:54.144, X1048, "SALARM, Deassert"
02/18/2020, 10:14:02.702, X0000, "Device settings changed"
02/18/2020, 10:14:02.702, X2048, "SALARM, Assert"
02/18/2020, 10:14:03.702, X1048, "SALARM, Deassert"
02/18/2020, 12:32:03.227, X0002, "Power loss"
02/28/2020, 12:20:10.513, X0001, "Power restored"
02/28/2020, 14:11:03.162, X0002, "Power loss"
03/02/2020, 11:53:31.878, X0001, "Power restored"
03/02/2020, 12:09:51.661, X0002, "Power loss"
03/02/2020, 12:12:27.150, X0001, "Power restored"
03/02/2020, 12:40:21.199, X0002, "Power loss"
03/02/2020, 12:47:43.446, X0001, "Power restored"
03/02/2020, 12:49:41.580, X2048, "SALARM, Assert"
03/02/2020, 12:49:42.580, X1048, "SALARM, Deassert"
03/02/2020, 14:05:39.088, X0002, "Power loss"
03/06/2020, 09:19:01.516, X0001, "Power restored"
03/06/2020, 10:32:19.841, X2048, "SALARM, Assert"
03/06/2020, 10:32:20.841, X1048, "SALARM, Deassert"
03/06/2020, 10:32:24.616, X0000, "Device settings changed"
03/06/2020, 10:32:24.633, X2048, "SALARM, Assert"
03/06/2020, 10:32:25.633, X1048, "SALARM, Deassert"
03/06/2020, 10:37:00.166, X0002, "Power loss"
03/06/2020, 10:37:13.589, X0001, "Power restored"
03/06/2020, 10:37:20.231, X0002, "Power loss"
03/06/2020, 10:44:54.936, X0001, "Power restored"
03/06/2020, 10:44:55.811, X0002, "Power loss"
03/06/2020, 10:45:07.952, X0001, "Power restored"
03/06/2020, 10:45:18.211, X2032, "SSI_EVE, Assert"
03/06/2020, 10:46:37.567, X2048, "SALARM, Assert"
03/06/2020, 10:46:38.566, X1048, "SALARM, Deassert"
03/06/2020, 10:47:26.083, X0002, "Power loss"
03/06/2020, 10:48:12.452, X0001, "Power restored"
03/06/2020, 10:48:22.719, X2032, "SSI_EVE, Assert"
03/06/2020, 11:04:17.622, X2048, "SALARM, Assert"
03/06/2020, 11:04:18.621, X1048, "SALARM, Deassert"
03/06/2020, 11:06:33.947, X2048, "SALARM, Assert"
03/06/2020, 11:06:34.947, X1048, "SALARM, Deassert"
03/06/2020, 11:16:57.480, X2048, "SALARM, Assert"
03/06/2020, 11:16:58.480, X1048, "SALARM, Deassert"
03/06/2020, 14:36:03.113, X0002, "Power loss"
03/09/2020, 14:54:15.248, X0001, "Power restored"
03/09/2020, 14:54:25.506, X2032, "SSI_EVE, Assert"
03/09/2020, 14:55:25.983, X0002, "Power loss"
03/09/2020, 14:55:29.114, X0001, "Power restored"
03/09/2020, 14:55:29.964, X0002, "Power loss"
03/09/2020, 14:55:34.846, X0001, "Power restored"
03/09/2020, 14:55:34.904, X0002, "Power loss"
03/09/2020, 14:56:09.495, X0001, "Power restored"
03/09/2020, 14:56:19.762, X2032, "SSI_EVE, Assert"
03/09/2020, 15:10:22.518, X0002, "Power loss"
03/09/2020, 15:12:11.469, X0001, "Power restored"
03/09/2020, 15:12:21.727, X2032, "SSI_EVE, Assert"
03/09/2020, 15:13:39.939, X2048, "SALARM, Assert"
03/09/2020, 15:13:40.939, X1048, "SALARM, Deassert"
03/09/2020, 15:23:13.338, X0002, "Power loss"
03/09/2020, 15:23:26.584, X0001, "Power restored"
03/09/2020, 15:23:36.842, X2032, "SSI_EVE, Assert"
03/09/2020, 15:31:31.918, X0002, "Power loss"
03/09/2020, 15:33:20.748, X0001, "Power restored"
03/09/2020, 15:33:31.007, X2032, "SSI_EVE, Assert"
03/09/2020, 15:39:42.080, X1032, "SSI_EVE, Deassert"
03/09/2020, 15:39:42.239, X2032, "SSI_EVE, Assert"
03/09/2020, 15:39:42.289, X1032, "SSI_EVE, Deassert"
03/09/2020, 15:39:42.297, X2032, "SSI_EVE, Assert"
03/09/2020, 15:39:42.305, X1032, "SSI_EVE, Deassert"
03/09/2020, 15:39:42.314, X2032, "SSI_EVE, Assert"
03/09/2020, 15:39:42.322, X1032, "SSI_EVE, Deassert"
03/09/2020, 15:39:42.330, X2032, "SSI_EVE, Assert"
03/09/2020, 15:39:42.339, X1032, "SSI_EVE, Deassert"
03/09/2020, 15:39:42.347, X2032, "SSI_EVE, Assert"
03/09/2020, 15:39:42.355, X1032, "SSI_EVE, Deassert"
03/09/2020, 15:39:42.364, X2032, "SSI_EVE, Assert"
03/09/2020, 15:39:42.372, X1032, "SSI_EVE, Deassert"
03/09/2020, 15:39:42.380, X2032, "SSI_EVE, Assert"
03/09/2020, 15:39:42.389, X1032, "SSI_EVE, Deassert"
03/09/2020, 15:39:42.397, X2032, "SSI_EVE, Assert"
03/09/2020, 15:39:42.405, X1032, "SSI_EVE, Deassert"
03/09/2020, 15:39:42.414, X2032, "SSI_EVE, Assert"
03/09/2020, 15:39:42.480, X0002, "Power loss"
03/09/2020, 15:39:57.752, X0001, "Power restored"
03/09/2020, 15:40:08.019, X2032, "SSI_EVE, Assert"
03/10/2020, 08:54:25.708, X2048, "SALARM, Assert"
03/10/2020, 08:54:26.708, X1048, "SALARM, Deassert"
03/11/2020, 11:21:27.661, X1032, "SSI_EVE, Deassert"
03/11/2020, 11:21:27.669, X2032, "SSI_EVE, Assert"
03/11/2020, 11:21:29.935, X1032, "SSI_EVE, Deassert"
03/11/2020, 11:21:29.943, X2032, "SSI_EVE, Assert"
03/11/2020, 11:21:29.951, X1032, "SSI_EVE, Deassert"
03/11/2020, 11:21:29.960, X2032, "SSI_EVE, Assert"
03/11/2020, 11:21:29.968, X1032, "SSI_EVE, Deassert"
03/11/2020, 11:21:29.976, X2032, "SSI_EVE, Assert"
03/11/2020, 11:21:30.351, X1032, "SSI_EVE, Deassert"
03/11/2020, 11:21:30.476, X0002, "Power loss"
03/11/2020, 11:23:30.309, X0001, "Power restored"
03/11/2020, 11:23:40.576, X2032, "SSI_EVE, Assert"
03/11/2020, 11:24:45.636, X1032, "SSI_EVE, Deassert"
03/11/2020, 11:24:45.644, X2032, "SSI_EVE, Assert"
03/11/2020, 11:24:45.652, X1032, "SSI_EVE, Deassert"
03/11/2020, 11:24:45.660, X2032, "SSI_EVE, Assert"
03/11/2020, 11:24:45.669, X1032, "SSI_EVE, Deassert"
03/11/2020, 11:24:45.677, X2032, "SSI_EVE, Assert"
03/11/2020, 11:24:45.685, X1032, "SSI_EVE, Deassert"
03/11/2020, 11:24:45.694, X2032, "SSI_EVE, Assert"
03/11/2020, 11:24:45.702, X1032, "SSI_EVE, Deassert"
03/11/2020, 11:24:45.710, X2032, "SSI_EVE, Assert"
03/11/2020, 11:24:45.719, X1032, "SSI_EVE, Deassert"
03/11/2020, 11:24:45.727, X2032, "SSI_EVE, Assert"
03/11/2020, 11:24:45.735, X1032, "SSI_EVE, Deassert"
03/11/2020, 11:24:45.744, X2032, "SSI_EVE, Assert"
03/11/2020, 11:24:45.752, X1032, "SSI_EVE, Deassert"
03/11/2020, 11:24:45.760, X2032, "SSI_EVE, Assert"
03/11/2020, 11:24:45.769, X1032, "SSI_EVE, Deassert"
03/11/2020, 11:24:45.777, X2032, "SSI_EVE, Assert"
03/11/2020, 11:24:45.785, X1032, "SSI_EVE, Deassert"
03/11/2020, 11:24:45.794, X2032, "SSI_EVE, Assert"
03/11/2020, 11:24:45.802, X1032, "SSI_EVE, Deassert"
03/11/2020, 11:24:45.810, X2032, "SSI_EVE, Assert"
03/11/2020, 11:24:45.819, X1032, "SSI_EVE, Deassert"
03/11/2020, 11:24:45.827, X2032, "SSI_EVE, Assert"
03/11/2020, 11:24:45.835, X1032, "SSI_EVE, Deassert"
03/11/2020, 11:24:45.844, X2032, "SSI_EVE, Assert"
03/11/2020, 11:24:45.852, X1032, "SSI_EVE, Deassert"
03/11/2020, 11:24:45.860, X2032, "SSI_EVE, Assert"
03/11/2020, 11:24:45.869, X1032, "SSI_EVE, Deassert"
03/11/2020, 11:24:45.877, X2032, "SSI_EVE, Assert"
03/11/2020, 11:24:45.877, X0002, "Power loss"
03/11/2020, 11:27:47.762, X0001, "Power restored"
03/11/2020, 11:27:58.028, X2032, "SSI_EVE, Assert"
03/11/2020, 11:30:50.606, X1032, "SSI_EVE, Deassert"
03/11/2020, 11:30:50.748, X0002, "Power loss"
03/11/2020, 13:26:34.314, X0001, "Power restored"
03/11/2020, 13:26:44.573, X2032, "SSI_EVE, Assert"
03/11/2020, 14:55:31.173, X0002, "Power loss"
03/11/2020, 14:55:35.691, X0001, "Power restored"
03/11/2020, 14:55:45.750, X2032, "SSI_EVE, Assert"
03/12/2020, 08:24:07.708, X0002, "Power loss"
03/12/2020, 10:11:23.922, X0001, "Power restored"
03/12/2020, 10:24:00.172, X0002, "Power loss"
03/31/2020, 07:17:58.290, X0001, "Power restored"
03/31/2020, 09:47:36.540, X2048, "SALARM, Assert"
03/31/2020, 09:47:37.540, X1048, "SALARM, Deassert"
03/31/2020, 09:47:47.773, X0000, "Device settings changed"
03/31/2020, 09:47:47.790, X2048, "SALARM, Assert"
03/31/2020, 09:47:48.790, X1048, "SALARM, Deassert"
03/31/2020, 10:26:41.540, X2048, "SALARM, Assert"
03/31/2020, 10:26:42.540, X1048, "SALARM, Deassert"
03/31/2020, 10:26:47.740, X0000, "Device settings changed"
03/31/2020, 10:26:48.190, X2048, "SALARM, Assert"
03/31/2020, 10:26:49.190, X1048, "SALARM, Deassert"
03/31/2020, 11:24:11.806, X0002, "Power loss"
03/31/2020, 11:52:29.879, X0001, "Power restored"
03/31/2020, 11:53:27.337, X2032, "SSI_EVE, Assert"
04/01/2020, 09:43:59.741, X2048, "SALARM, Assert"
04/01/2020, 09:44:00.741, X1048, "SALARM, Deassert"
04/01/2020, 09:44:04.667, X0000, "Device settings changed"
04/01/2020, 09:44:04.993, X2048, "SALARM, Assert"
04/01/2020, 09:44:05.993, X1048, "SALARM, Deassert"
04/01/2020, 11:38:13.287, X0002, "Power loss"
04/01/2020, 11:38:33.685, X0001, "Power restored"
04/01/2020, 11:38:43.743, X2032, "SSI_EVE, Assert"
04/01/2020, 12:27:21.472, X1032, "SSI_EVE, Deassert"
04/01/2020, 12:27:21.656, X2032, "SSI_EVE, Assert"
04/01/2020, 12:27:21.839, X1032, "SSI_EVE, Deassert"
04/01/2020, 12:27:21.939, X2032, "SSI_EVE, Assert"
04/01/2020, 12:27:22.406, X1032, "SSI_EVE, Deassert"
04/01/2020, 12:27:22.647, X2032, "SSI_EVE, Assert"
04/01/2020, 12:27:22.747, X1032, "SSI_EVE, Deassert"
04/01/2020, 12:27:22.922, X2032, "SSI_EVE, Assert"
04/01/2020, 12:27:22.964, X1032, "SSI_EVE, Deassert"
04/01/2020, 12:27:23.172, X2032, "SSI_EVE, Assert"
04/01/2020, 12:27:56.087, X1032, "SSI_EVE, Deassert"
04/01/2020, 13:21:24.921, X2032, "SSI_EVE, Assert"
04/01/2020, 13:21:25.046, X1032, "SSI_EVE, Deassert"
04/01/2020, 14:03:39.281, X0002, "Power loss"
04/02/2020, 09:48:56.061, X0001, "Power restored"
04/02/2020, 11:44:52.569, X0002, "Power loss"
04/02/2020, 12:03:50.887, X0001, "Power restored"
04/02/2020, 12:04:01.145, X2032, "SSI_EVE, Assert"
04/02/2020, 12:10:12.072, X2048, "SALARM, Assert"
04/02/2020, 12:10:13.036, X1048, "SALARM, Deassert"
04/02/2020, 12:10:47.575, X0000, "Device settings changed"
04/02/2020, 12:10:49.666, X2048, "SALARM, Assert"
04/02/2020, 12:10:50.628, X1048, "SALARM, Deassert"
04/02/2020, 12:10:50.628, X0002, "Power loss"
04/02/2020, 12:10:58.882, X0001, "Power restored"
04/02/2020, 12:11:19.198, X2032, "SSI_EVE, Assert"
04/02/2020, 12:11:36.189, X2048, "SALARM, Assert"
04/02/2020, 12:11:37.154, X1048, "SALARM, Deassert"
04/02/2020, 12:14:13.156, X1032, "SSI_EVE, Deassert"
04/02/2020, 12:14:13.164, X2032, "SSI_EVE, Assert"
04/02/2020, 12:16:06.620, X2048, "SALARM, Assert"
04/02/2020, 12:16:07.578, X1048, "SALARM, Deassert"
04/02/2020, 12:16:25.518, X0000, "Device settings changed"
04/02/2020, 12:16:25.814, X2048, "SALARM, Assert"
04/02/2020, 12:16:26.774, X1048, "SALARM, Deassert"
04/02/2020, 12:16:34.452, X0000, "Device settings changed"
04/02/2020, 12:16:34.820, X2048, "SALARM, Assert"
04/02/2020, 12:16:35.780, X1048, "SALARM, Deassert"
04/02/2020, 12:16:42.518, X0000, "Device settings changed"
04/02/2020, 12:16:42.837, X2048, "SALARM, Assert"
04/02/2020, 12:16:43.796, X1048, "SALARM, Deassert"
04/02/2020, 12:19:40.843, X2048, "SALARM, Assert"
04/02/2020, 12:19:41.800, X1048, "SALARM, Deassert"
04/02/2020, 12:22:31.051, X2048, "SALARM, Assert"
04/02/2020, 12:22:32.008, X1048, "SALARM, Deassert"
04/02/2020, 12:23:01.183, X0000, "Device settings changed"
04/02/2020, 12:23:03.195, X2048, "SALARM, Assert"
04/02/2020, 12:23:04.153, X1048, "SALARM, Deassert"
04/02/2020, 12:23:04.153, X0002, "Power loss"
04/02/2020, 12:23:12.476, X0001, "Power restored"
04/02/2020, 12:23:39.916, X2032, "SSI_EVE, Assert"
04/02/2020, 12:35:21.499, X2048, "SALARM, Assert"
04/02/2020, 12:35:22.454, X1048, "SALARM, Deassert"
04/02/2020, 12:35:27.491, X0000, "Device settings changed"
04/02/2020, 12:35:27.833, X2048, "SALARM, Assert"
04/02/2020, 12:35:28.788, X1048, "SALARM, Deassert"
04/02/2020, 14:04:17.998, X0002, "Power loss"
04/17/2020, 08:01:34.306, X0001, "Power restored"
04/17/2020, 08:05:59.389, X2048, "SALARM, Assert"
04/17/2020, 08:06:00.389, X1048, "SALARM, Deassert"
04/17/2020, 08:07:07.014, X0000, "Device settings changed"
04/17/2020, 08:07:07.014, X0002, "Power loss"
04/17/2020, 08:07:10.223, X0001, "Power restored"
04/17/2020, 08:11:20.981, X2048, "SALARM, Assert"
04/17/2020, 08:11:21.981, X1048, "SALARM, Deassert"
04/17/2020, 08:11:37.681, X0000, "Device settings changed"
04/17/2020, 08:11:37.681, X0002, "Power loss"
04/17/2020, 08:11:40.898, X0001, "Power restored"
04/17/2020, 08:23:04.631, X2048, "SALARM, Assert"
04/17/2020, 08:23:05.631, X1048, "SALARM, Deassert"
04/17/2020, 08:23:58.231, X0000, "Device settings changed"
04/17/2020, 08:23:58.231, X0002, "Power loss"
04/17/2020, 08:24:01.447, X0001, "Power restored"
04/17/2020, 08:43:00.647, X2048, "SALARM, Assert"
04/17/2020, 08:43:01.647, X1048, "SALARM, Deassert"
04/17/2020, 08:45:25.164, X0000, "Device settings changed"
04/17/2020, 08:45:25.164, X0002, "Power loss"
04/17/2020, 08:45:28.380, X0001, "Power restored"
04/17/2020, 08:54:39.830, X2048, "SALARM, Assert"
04/17/2020, 08:54:40.830, X1048, "SALARM, Deassert"
04/17/2020, 08:54:53.763, X0000, "Device settings changed"
04/17/2020, 08:55:00.246, X0002, "Power loss"
04/17/2020, 08:55:02.971, X0001, "Power restored"
04/17/2020, 09:22:19.888, X2048, "SALARM, Assert"
04/17/2020, 09:22:20.888, X1048, "SALARM, Deassert"
04/17/2020, 09:24:51.055, X0000, "Device settings changed"
04/17/2020, 09:24:51.288, X2048, "SALARM, Assert"
04/17/2020, 09:24:52.288, X1048, "SALARM, Deassert"
04/17/2020, 10:32:40.504, X0002, "Power loss"
05/12/2020, 19:43:53.560, X0001, "Power restored"
05/13/2020, 18:32:14.629, X2048, "SALARM, Assert"
05/13/2020, 18:32:15.629, X1048, "SALARM, Deassert"
05/13/2020, 18:48:28.429, X2048, "SALARM, Assert"
05/13/2020, 18:48:29.429, X1048, "SALARM, Deassert"
05/13/2020, 18:48:48.670, X0000, "Device settings changed"
05/13/2020, 18:48:48.670, X0002, "Power loss"
05/13/2020, 18:48:58.879, X0001, "Power restored"
05/13/2020, 18:51:00.604, X2048, "SALARM, Assert"
05/13/2020, 18:51:01.604, X1048, "SALARM, Deassert"
05/13/2020, 18:54:16.387, X2048, "SALARM, Assert"
05/13/2020, 18:54:17.387, X1048, "SALARM, Deassert"
05/13/2020, 18:58:53.862, X2048, "SALARM, Assert"
05/13/2020, 18:58:54.862, X1048, "SALARM, Deassert"
05/13/2020, 19:00:19.946, X2048, "SALARM, Assert"
05/13/2020, 19:00:20.946, X1048, "SALARM, Deassert"
05/13/2020, 19:01:16.654, X2048, "SALARM, Assert"
05/13/2020, 19:01:17.654, X1048, "SALARM, Deassert"
05/13/2020, 19:04:08.979, X2048, "SALARM, Assert"
05/13/2020, 19:04:09.979, X1048, "SALARM, Deassert"
05/13/2020, 19:08:28.062, X2048, "SALARM, Assert"
05/13/2020, 19:08:29.062, X1048, "SALARM, Deassert"
05/13/2020, 19:08:39.162, X0000, "Device settings changed"
05/13/2020, 19:08:39.162, X0002, "Power loss"
05/13/2020, 19:08:48.377, X0001, "Power restored"
05/13/2020, 19:16:42.510, X2048, "SALARM, Assert"
05/13/2020, 19:16:43.510, X1048, "SALARM, Deassert"
05/13/2020, 19:20:41.151, X2048, "SALARM, Assert"
05/13/2020, 19:20:42.151, X1048, "SALARM, Deassert"
05/13/2020, 19:29:23.126, X2048, "SALARM, Assert"
05/13/2020, 19:29:24.126, X1048, "SALARM, Deassert"
05/13/2020, 19:29:38.760, X2048, "SALARM, Assert"
05/13/2020, 19:29:39.760, X1048, "SALARM, Deassert"
05/13/2020, 19:30:32.943, X2048, "SALARM, Assert"
05/13/2020, 19:30:33.943, X1048, "SALARM, Deassert"
05/13/2020, 19:31:19.343, X2048, "SALARM, Assert"
05/13/2020, 19:31:20.343, X1048, "SALARM, Deassert"
05/13/2020, 19:31:44.026, X2048, "SALARM, Assert"
05/13/2020, 19:31:45.026, X1048, "SALARM, Deassert"
05/13/2020, 19:31:53.426, X2048, "SALARM, Assert"
05/13/2020, 19:31:54.426, X1048, "SALARM, Deassert"
05/13/2020, 19:32:35.226, X2048, "SALARM, Assert"
05/13/2020, 19:32:36.226, X1048, "SALARM, Deassert"
05/13/2020, 19:32:55.343, X2048, "SALARM, Assert"
05/13/2020, 19:32:56.343, X1048, "SALARM, Deassert"
05/13/2020, 19:34:08.326, X2048, "SALARM, Assert"
05/13/2020, 19:34:09.326, X1048, "SALARM, Deassert"
05/13/2020, 19:34:29.118, X2048, "SALARM, Assert"
05/13/2020, 19:34:30.118, X1048, "SALARM, Deassert"
05/13/2020, 19:34:33.360, X2048, "SALARM, Assert"
05/13/2020, 19:34:34.360, X1048, "SALARM, Deassert"
05/13/2020, 19:35:39.718, X2048, "SALARM, Assert"
05/13/2020, 19:35:40.718, X1048, "SALARM, Deassert"
05/13/2020, 19:37:37.101, X2048, "SALARM, Assert"
05/13/2020, 19:37:38.101, X1048, "SALARM, Deassert"
05/13/2020, 19:37:52.501, X2048, "SALARM, Assert"
05/13/2020, 19:37:53.501, X1048, "SALARM, Deassert"
05/14/2020, 20:38:43.487, X2048, "SALARM, Assert"
05/14/2020, 20:38:44.487, X1048, "SALARM, Deassert"
05/14/2020, 20:39:23.504, X2048, "SALARM, Assert"
05/14/2020, 20:39:24.504, X1048, "SALARM, Deassert"
05/15/2020, 12:38:29.349, X2048, "SALARM, Assert"
05/15/2020, 12:38:30.349, X1048, "SALARM, Deassert"
05/15/2020, 12:38:56.016, X2048, "SALARM, Assert"
05/15/2020, 12:38:57.016, X1048, "SALARM, Deassert"
05/15/2020, 12:39:06.616, X2048, "SALARM, Assert"
05/15/2020, 12:39:07.616, X1048, "SALARM, Deassert"
05/15/2020, 12:40:00.649, X2048, "SALARM, Assert"
05/15/2020, 12:40:01.649, X1048, "SALARM, Deassert"
05/15/2020, 12:42:48.666, X2048, "SALARM, Assert"
05/15/2020, 12:42:49.666, X1048, "SALARM, Deassert"
05/20/2020, 11:53:17.650, X2048, "SALARM, Assert"
05/20/2020, 11:53:18.650, X1048, "SALARM, Deassert"
05/20/2020, 11:53:31.692, X2048, "SALARM, Assert"
05/20/2020, 11:53:32.692, X1048, "SALARM, Deassert"
05/20/2020, 12:02:20.250, X2048, "SALARM, Assert"
05/20/2020, 12:02:21.250, X1048, "SALARM, Deassert"
05/20/2020, 15:04:00.008, X0003, "Time change (manual set occurred)"
05/20/2020, 15:06:04.483, X2048, "SALARM, Assert"
05/20/2020, 15:06:05.483, X1048, "SALARM, Deassert"
05/20/2020, 15:06:08.075, X2048, "SALARM, Assert"
05/20/2020, 15:06:09.075, X1048, "SALARM, Deassert"
05/20/2020, 15:13:11.633, X2048, "SALARM, Assert"
05/20/2020, 15:13:12.633, X1048, "SALARM, Deassert"
05/22/2020, 06:35:28.989, X0002, "Power loss"
05/22/2020, 06:35:39.325, X0001, "Power restored"
Record, Date, Time, Status, "FREQ"
1235, 04/01/2020, 00:01:00, "...", 59.98709488
1234, 04/01/2020, 00:02:00, "...", 59.9835701
1233, 04/01/2020, 00:03:00, "...", 59.99623871
1232, 04/01/2020, 00:04:00, "...", 59.99721146
1231, 04/01/2020, 00:05:00, "...", 59.9754982
1230, 04/01/2020, 00:06:00, "...", 59.98849869
1229, 04/01/2020, 00:07:00, "...", 60.01518631
1228, 04/01/2020, 00:08:00, "...", 60.00278091
1227, 04/01/2020, 00:09:00, "...", 60.00434875
1226, 04/01/2020, 00:10:00, "...", 60.02700424
1225, 04/01/2020, 00:11:00, "...", 60.02102661
1224, 04/01/2020, 00:12:00, "...", 60.03152847
1223, 04/01/2020, 00:13:00, "...", 60.05121613
1222, 04/01/2020, 00:14:00, "...", 60.02727509
1221, 04/01/2020, 00:15:00, "...", 59.98006058
1220, 04/01/2020, 00:16:00, "...", 60.00899506
1219, 04/01/2020, 00:17:00, "...", 60.02669907
1218, 04/01/2020, 00:18:00, "...", 60.038311
1217, 04/01/2020, 00:19:00, "...", 60.04220963
1216, 04/01/2020, 00:20:00, "...", 60.00702286
1215, 04/01/2020, 00:21:00, "...", 60.05316162
1214, 04/01/2020, 00:22:00, "...", 60.05005646
1213, 04/01/2020, 00:23:00, "...", 60.04810715
1212, 04/01/2020, 00:24:00, "...", 60.01242065
1211, 04/01/2020, 00:25:00, "...", 59.98098373
1210, 04/01/2020, 00:26:00, "...", 59.98862076
1209, 04/01/2020, 00:27:00, "...", 60.01369476
1208, 04/01/2020, 00:28:00, "...", 60.01697922
1207, 04/01/2020, 00:29:00, "...", 60.02248001
1206, 04/01/2020, 00:30:00, "...", 60.01189041
1205, 04/01/2020, 00:31:00, "...", 60.00059509
1204, 04/01/2020, 00:32:00, "...", 59.99771118
1203, 04/01/2020, 00:33:00, "...", 59.99137878
1202, 04/01/2020, 00:34:00, "...", 59.99726105
1201, 04/01/2020, 00:35:00, "...", 60.00271606
1200, 04/01/2020, 00:36:00, "...", 59.99448395
1199, 04/01/2020, 00:37:00, "...", 60.00817871
1198, 04/01/2020, 00:38:00, "...", 60.00925827
1197, 04/01/2020, 00:39:00, "...", 59.96933365
1196, 04/01/2020, 00:40:00, "...", 59.99130249
1195, 04/01/2020, 00:41:00, "...", 60.00668716
1194, 04/01/2020, 00:42:00, "...", 60.01246643
1193, 04/01/2020, 00:43:00, "...", 60.01333618
1192, 04/01/2020, 00:44:00, "...", 60.01769257
1191, 04/01/2020, 00:45:00, "...", 60.01260376
1190, 04/01/2020, 00:46:00, "...", 60.00408173
1189, 04/01/2020, 00:47:00, "...", 60.01841354
1188, 04/01/2020, 00:48:00, "...", 60.01927567
1187, 04/01/2020, 00:49:00, "...", 60.01066971
1186, 04/01/2020, 00:50:00, "...", 60.00837326
1185, 04/01/2020, 00:51:00, "...", 60.01239395
1184, 04/01/2020, 00:52:00, "...", 59.99024963
1183, 04/01/2020, 00:53:00, "...", 59.99694061
1182, 04/01/2020, 00:54:00, "...", 60.01687241
1181, 04/01/2020, 00:55:00, "...", 60.01104355
1180, 04/01/2020, 00:56:00, "...", 59.99753952
1179, 04/01/2020, 00:57:00, "...", 60.00608826
1178, 04/01/2020, 00:58:00, "...", 60.00331116
1177, 04/01/2020, 00:59:00, "...", 60.00175476
1176, 04/01/2020, 01:00:00, "...", 60.01121902
1175, 04/01/2020, 01:01:00, "...", 60.03105927
1174, 04/01/2020, 01:02:00, "...", 60.02910614
1173, 04/01/2020, 01:03:00, "...", 60.02838898
1172, 04/01/2020, 01:04:00, "...", 60.02697372
1171, 04/01/2020, 01:05:00, "...", 60.03810883
1170, 04/01/2020, 01:06:00, "...", 60.03013611
1169, 04/01/2020, 01:07:00, "...", 60.01060104
1168, 04/01/2020, 01:08:00, "...", 60.01658249
1167, 04/01/2020, 01:09:00, "...", 60.0434227
1166, 04/01/2020, 01:10:00, "...", 59.99853516
1165, 04/01/2020, 01:11:00, "...", 60.02134323
1164, 04/01/2020, 01:12:00, "...", 60.0229454
1163, 04/01/2020, 01:13:00, "...", 60.02271271
1162, 04/01/2020, 01:14:00, "...", 60.00590897
1161, 04/01/2020, 01:15:00, "...", 60.01760864
1160, 04/01/2020, 01:16:00, "...", 60.03377151
1159, 04/01/2020, 01:17:00, "...", 60.03792191
1158, 04/01/2020, 01:18:00, "...", 60.05067825
1157, 04/01/2020, 01:19:00, "...", 60.05020142
1156, 04/01/2020, 01:20:00, "...", 60.04386139
1155, 04/01/2020, 01:21:00, "...", 60.02654266
1154, 04/01/2020, 01:22:00, "...", 60.02566528
1153, 04/01/2020, 01:23:00, "...", 60.03863144
1152, 04/01/2020, 01:24:00, "...", 60.02854156
1151, 04/01/2020, 01:25:00, "...", 60.04693604
1150, 04/01/2020, 01:26:00, "...", 60.049263
1149, 04/01/2020, 01:27:00, "...", 60.06496048
1148, 04/01/2020, 01:28:00, "...", 60.05517578
1147, 04/01/2020, 01:29:00, "...", 60.04516983
1146, 04/01/2020, 01:30:00, "...", 60.0259819
1145, 04/01/2020, 01:31:00, "...", 60.02438736
1144, 04/01/2020, 01:32:00, "...", 60.02045822
1143, 04/01/2020, 01:33:00, "...", 60.01404953
1142, 04/01/2020, 01:34:00, "...", 60.00945663
1141, 04/01/2020, 01:35:00, "...", 59.99740601
1140, 04/01/2020, 01:36:00, "...", 60.00488663
1139, 04/01/2020, 01:37:00, "...", 60.00431442
1138, 04/01/2020, 01:38:00, "...", 59.98262024
1137, 04/01/2020, 01:39:00, "...", 59.97541046
1136, 04/01/2020, 01:40:00, "...", 59.98770142
1135, 04/01/2020, 01:41:00, "...", 59.99536514
1134, 04/01/2020, 01:42:00, "...", 59.99608994
1133, 04/01/2020, 01:43:00, "...", 59.99394226
1132, 04/01/2020, 01:44:00, "...", 59.99720001
1131, 04/01/2020, 01:45:00, "...", 60.00823975
1130, 04/01/2020, 01:46:00, "...", 60.00331497
1129, 04/01/2020, 01:47:00, "...", 60.00022507
1128, 04/01/2020, 01:48:00, "...", 60.02478027
1127, 04/01/2020, 01:49:00, "...", 60.00697327
1126, 04/01/2020, 01:50:00, "...", 60.0044899
1125, 04/01/2020, 01:51:00, "...", 60.03373337
1124, 04/01/2020, 01:52:00, "...", 60.02324295
1123, 04/01/2020, 01:53:00, "...", 60.01333237
1122, 04/01/2020, 01:54:00, "...", 60.00739288
1121, 04/01/2020, 01:55:00, "...", 59.99085999
1120, 04/01/2020, 01:56:00, "...", 59.99771118
1119, 04/01/2020, 01:57:00, "...", 59.99554825
1118, 04/01/2020, 01:58:00, "...", 60.01916122
1117, 04/01/2020, 01:59:00, "...", 60.01534271
1116, 04/01/2020, 02:00:00, "...", 60.02061462
1115, 04/01/2020, 02:01:00, "...", 60.00741577
1114, 04/01/2020, 02:02:00, "...", 59.98591614
1113, 04/01/2020, 02:03:00, "...", 60.01150513
1112, 04/01/2020, 02:04:00, "...", 59.99843216
1111, 04/01/2020, 02:05:00, "...", 60.0173912
1110, 04/01/2020, 02:06:00, "...", 60.01517868
1109, 04/01/2020, 02:07:00, "...", 60.01805496
1108, 04/01/2020, 02:08:00, "...", 60.01242447
1107, 04/01/2020, 02:09:00, "...", 60.02564621
1106, 04/01/2020, 02:10:00, "...", 60.07183838
1105, 04/01/2020, 02:11:00, "...", 60.05308914
1104, 04/01/2020, 02:12:00, "...", 59.99918365
1103, 04/01/2020, 02:13:00, "...", 59.9946785
1102, 04/01/2020, 02:14:00, "...", 60.00178146
1101, 04/01/2020, 02:15:00, "...", 60.03046036
1100, 04/01/2020, 02:16:00, "...", 60.01745605
1099, 04/01/2020, 02:17:00, "...", 60.008564
1098, 04/01/2020, 02:18:00, "...", 60.00658417
1097, 04/01/2020, 02:19:00, "...", 60.02372742
1096, 04/01/2020, 02:20:00, "...", 60.00914001
1095, 04/01/2020, 02:21:00, "...", 59.99672318
1094, 04/01/2020, 02:22:00, "...", 60.01055527
1093, 04/01/2020, 02:23:00, "...", 60.00627136
1092, 04/01/2020, 02:24:00, "...", 60.00401306
1091, 04/01/2020, 02:25:00, "...", 59.97374725
1090, 04/01/2020, 02:26:00, "...", 59.98249435
1089, 04/01/2020, 02:27:00, "...", 60.01082993
1088, 04/01/2020, 02:28:00, "...", 59.9875145
1087, 04/01/2020, 02:29:00, "...", 59.96992874
1086, 04/01/2020, 02:30:00, "...", 59.97835541
1085, 04/01/2020, 02:31:00, "...", 60.01670074
1084, 04/01/2020, 02:32:00, "...", 60.00493622
1083, 04/01/2020, 02:33:00, "...", 59.98223495
1082, 04/01/2020, 02:34:00, "...", 60.00268173
1081, 04/01/2020, 02:35:00, "...", 60.01644897
1080, 04/01/2020, 02:36:00, "...", 60.03775787
1079, 04/01/2020, 02:37:00, "...", 60.02500916
1078, 04/01/2020, 02:38:00, "...", 60.02500916
1077, 04/01/2020, 02:39:00, "...", 60.02058029
1076, 04/01/2020, 02:40:00, "...", 60.01436615
1075, 04/01/2020, 02:41:00, "...", 60.04071426
1074, 04/01/2020, 02:42:00, "...", 60.02318954
1073, 04/01/2020, 02:43:00, "...", 60.0096283
1072, 04/01/2020, 02:44:00, "...", 60.02265167
1071, 04/01/2020, 02:45:00, "...", 59.99765778
1070, 04/01/2020, 02:46:00, "...", 60.02980804
1069, 04/01/2020, 02:47:00, "...", 60.02101135
1068, 04/01/2020, 02:48:00, "...", 60.02099609
1067, 04/01/2020, 02:49:00, "...", 60.03001785
1066, 04/01/2020, 02:50:00, "...", 60.02480316
1065, 04/01/2020, 02:51:00, "...", 60.02370834
1064, 04/01/2020, 02:52:00, "...", 60.01858139
1063, 04/01/2020, 02:53:00, "...", 60.02284241
1062, 04/01/2020, 02:54:00, "...", 60.04522705
1061, 04/01/2020, 02:55:00, "...", 60.05279922
1060, 04/01/2020, 02:56:00, "...", 60.00816345
1059, 04/01/2020, 02:57:00, "...", 60.01074219
1058, 04/01/2020, 02:58:00, "...", 59.98608398
1057, 04/01/2020, 02:59:00, "...", 60.01150513
1056, 04/01/2020, 03:00:00, "...", 60.02857208
1055, 04/01/2020, 03:01:00, "...", 59.99638367
1054, 04/01/2020, 03:02:00, "...", 60.00180817
1053, 04/01/2020, 03:03:00, "...", 60.02072906
1052, 04/01/2020, 03:04:00, "...", 60.03134537
1051, 04/01/2020, 03:05:00, "...", 60.00016403
1050, 04/01/2020, 03:06:00, "...", 60.0004921
1049, 04/01/2020, 03:07:00, "...", 59.99814224
1048, 04/01/2020, 03:08:00, "...", 60.00995255
1047, 04/01/2020, 03:09:00, "...", 60.00484848
1046, 04/01/2020, 03:10:00, "...", 60.00178146
1045, 04/01/2020, 03:11:00, "...", 60.00708008
1044, 04/01/2020, 03:12:00, "...", 59.98511505
1043, 04/01/2020, 03:13:00, "...", 59.97667694
1042, 04/01/2020, 03:14:00, "...", 59.99307632
1041, 04/01/2020, 03:15:00, "...", 60.00253677
1040, 04/01/2020, 03:16:00, "...", 59.99766159
1039, 04/01/2020, 03:17:00, "...", 59.98934555
1038, 04/01/2020, 03:18:00, "...", 59.99615479
1037, 04/01/2020, 03:19:00, "...", 59.97660065
1036, 04/01/2020, 03:20:00, "...", 59.99101639
1035, 04/01/2020, 03:21:00, "...", 59.9829483
1034, 04/01/2020, 03:22:00, "...", 60.01179886
1033, 04/01/2020, 03:23:00, "...", 59.99501801
1032, 04/01/2020, 03:24:00, "...", 60.01898956
1031, 04/01/2020, 03:25:00, "...", 60.00357056
1030, 04/01/2020, 03:26:00, "...", 60.00919724
1029, 04/01/2020, 03:27:00, "...", 59.99377823
1028, 04/01/2020, 03:28:00, "...", 59.9699173
1027, 04/01/2020, 03:29:00, "...", 59.9646759
1026, 04/01/2020, 03:30:00, "...", 59.98838425
1025, 04/01/2020, 03:31:00, "...", 59.9930687
1024, 04/01/2020, 03:32:00, "...", 60.01720047
1023, 04/01/2020, 03:33:00, "...", 60.00143814
1022, 04/01/2020, 03:34:00, "...", 60.0018959
1021, 04/01/2020, 03:35:00, "...", 59.99223709
1020, 04/01/2020, 03:36:00, "...", 60.01493835
1019, 04/01/2020, 03:37:00, "...", 60.02074432
1018, 04/01/2020, 03:38:00, "...", 60.07500458
1017, 04/01/2020, 03:39:00, "...", 60.05135727
1016, 04/01/2020, 03:40:00, "...", 60.02491379
1015, 04/01/2020, 03:41:00, "...", 60.02619171
1014, 04/01/2020, 03:42:00, "...", 60.05278778
1013, 04/01/2020, 03:43:00, "...", 60.04819107
1012, 04/01/2020, 03:44:00, "...", 60.031353
1011, 04/01/2020, 03:45:00, "...", 60.05895233
1010, 04/01/2020, 03:46:00, "...", 60.06456375
1009, 04/01/2020, 03:47:00, "...", 60.0565033
1008, 04/01/2020, 03:48:00, "...", 60.05920792
1007, 04/01/2020, 03:49:00, "...", 60.06378555
1006, 04/01/2020, 03:50:00, "...", 60.02960968
1005, 04/01/2020, 03:51:00, "...", 60.03443146
1004, 04/01/2020, 03:52:00, "...", 60.0178566
1003, 04/01/2020, 03:53:00, "...", 59.99660492
1002, 04/01/2020, 03:54:00, "...", 59.97181702
1001, 04/01/2020, 03:55:00, "...", 59.989151
1000, 04/01/2020, 03:56:00, "...", 59.99562073
999, 04/01/2020, 03:57:00, "...", 59.96897125
998, 04/01/2020, 03:58:00, "...", 59.98389053
997, 04/01/2020, 03:59:00, "...", 59.98730469
996, 04/01/2020, 04:00:00, "...", 59.99400711
995, 04/01/2020, 04:01:00, "...", 59.99712372
994, 04/01/2020, 04:02:00, "...", 60.00576019
993, 04/01/2020, 04:03:00, "...", 59.98060226
992, 04/01/2020, 04:04:00, "...", 59.96547318
991, 04/01/2020, 04:05:00, "...", 59.96634674
990, 04/01/2020, 04:06:00, "...", 60.0122261
989, 04/01/2020, 04:07:00, "...", 59.99441147
988, 04/01/2020, 04:08:00, "...", 60.00874329
987, 04/01/2020, 04:09:00, "...", 60.00268936
986, 04/01/2020, 04:10:00, "...", 60.01645279
985, 04/01/2020, 04:11:00, "...", 60.00642776
984, 04/01/2020, 04:12:00, "...", 60.0057869
983, 04/01/2020, 04:13:00, "...", 59.99145508
982, 04/01/2020, 04:14:00, "...", 60.01856613
981, 04/01/2020, 04:15:00, "...", 60.01495361
980, 04/01/2020, 04:16:00, "...", 59.99512863
979, 04/01/2020, 04:17:00, "...", 60.0140686
978, 04/01/2020, 04:18:00, "...", 60.01062393
977, 04/01/2020, 04:19:00, "...", 60.01018143
976, 04/01/2020, 04:20:00, "...", 60.00605392
975, 04/01/2020, 04:21:00, "...", 60.03070831
974, 04/01/2020, 04:22:00, "...", 60.02275848
973, 04/01/2020, 04:23:00, "...", 60.02550888
972, 04/01/2020, 04:24:00, "...", 60.02318573
971, 04/01/2020, 04:25:00, "...", 60.00982285
970, 04/01/2020, 04:26:00, "...", 60.00762558
969, 04/01/2020, 04:27:00, "...", 60.01606369
968, 04/01/2020, 04:28:00, "...", 60.0329361
967, 04/01/2020, 04:29:00, "...", 60.02116013
966, 04/01/2020, 04:30:00, "...", 60.06354141
965, 04/01/2020, 04:31:00, "...", 60.05239105
964, 04/01/2020, 04:32:00, "...", 60.02688599
963, 04/01/2020, 04:33:00, "...", 60.01983643
962, 04/01/2020, 04:34:00, "...", 60.02200699
961, 04/01/2020, 04:35:00, "...", 60.00325012
960, 04/01/2020, 04:36:00, "...", 60.00156021
959, 04/01/2020, 04:37:00, "...", 60.02113724
958, 04/01/2020, 04:38:00, "...", 60.02490234
957, 04/01/2020, 04:39:00, "...", 60.02702332
956, 04/01/2020, 04:40:00, "...", 60.02609253
955, 04/01/2020, 04:41:00, "...", 60.00957108
954, 04/01/2020, 04:42:00, "...", 60.02280426
953, 04/01/2020, 04:43:00, "...", 60.04243469
952, 04/01/2020, 04:44:00, "...", 60.03795624
951, 04/01/2020, 04:45:00, "...", 60.03891754
950, 04/01/2020, 04:46:00, "...", 60.03667068
949, 04/01/2020, 04:47:00, "...", 60.01784897
948, 04/01/2020, 04:48:00, "...", 59.99756241
947, 04/01/2020, 04:49:00, "...", 60.01325226
946, 04/01/2020, 04:50:00, "...", 60.00688171
945, 04/01/2020, 04:51:00, "...", 59.99538422
944, 04/01/2020, 04:52:00, "...", 60.04444885
943, 04/01/2020, 04:53:00, "...", 60.05221939
942, 04/01/2020, 04:54:00, "...", 60.04230118
941, 04/01/2020, 04:55:00, "...", 60.04414749
940, 04/01/2020, 04:56:00, "...", 60.05705261
939, 04/01/2020, 04:57:00, "...", 60.0562439
938, 04/01/2020, 04:58:00, "...", 60.03330231
937, 04/01/2020, 04:59:00, "...", 60.0265007
936, 04/01/2020, 05:00:00, "...", 60.02433395
935, 04/01/2020, 05:01:00, "...", 60.03450394
934, 04/01/2020, 05:02:00, "...", 60.02189255
933, 04/01/2020, 05:03:00, "...", 60.01448059
932, 04/01/2020, 05:04:00, "...", 59.98901367
931, 04/01/2020, 05:05:00, "...", 59.99998474
930, 04/01/2020, 05:06:00, "...", 59.98612976
929, 04/01/2020, 05:07:00, "...", 59.98262405
928, 04/01/2020, 05:08:00, "...", 59.97174835
927, 04/01/2020, 05:09:00, "...", 59.97940445
926, 04/01/2020, 05:10:00, "...", 59.98104858
925, 04/01/2020, 05:11:00, "...", 59.99939728
924, 04/01/2020, 05:12:00, "...", 59.97822189
923, 04/01/2020, 05:13:00, "...", 59.97922516
922, 04/01/2020, 05:14:00, "...", 60.01062012
921, 04/01/2020, 05:15:00, "...", 59.97660828
920, 04/01/2020, 05:16:00, "...", 59.99670792
919, 04/01/2020, 05:17:00, "...", 59.99553299
918, 04/01/2020, 05:18:00, "...", 60.02481079
917, 04/01/2020, 05:19:00, "...", 60.00964355
916, 04/01/2020, 05:20:00, "...", 60.0082283
915, 04/01/2020, 05:21:00, "...", 60.01976395
914, 04/01/2020, 05:22:00, "...", 59.99537659
913, 04/01/2020, 05:23:00, "...", 60.01062393
912, 04/01/2020, 05:24:00, "...", 59.98339462
911, 04/01/2020, 05:25:00, "...", 59.97863388
910, 04/01/2020, 05:26:00, "...", 60.01828003
909, 04/01/2020, 05:27:00, "...", 60.01763535
908, 04/01/2020, 05:28:00, "...", 60.01675797
907, 04/01/2020, 05:29:00, "...", 60.02574539
906, 04/01/2020, 05:30:00, "...", 60.02270889
905, 04/01/2020, 05:31:00, "...", 60.03107071
904, 04/01/2020, 05:32:00, "...", 60.03350449
903, 04/01/2020, 05:33:00, "...", 60.02347565
902, 04/01/2020, 05:34:00, "...", 60.00973511
901, 04/01/2020, 05:35:00, "...", 60.01901627
900, 04/01/2020, 05:36:00, "...", 60.02703476
899, 04/01/2020, 05:37:00, "...", 60.03512573
898, 04/01/2020, 05:38:00, "...", 60.03531647
897, 04/01/2020, 05:39:00, "...", 60.03546143
896, 04/01/2020, 05:40:00, "...", 60.012146
895, 04/01/2020, 05:41:00, "...", 59.98794556
894, 04/01/2020, 05:42:00, "...", 60.02012253
893, 04/01/2020, 05:43:00, "...", 60.01790237
892, 04/01/2020, 05:44:00, "...", 60.0103302
891, 04/01/2020, 05:45:00, "...", 60.01903534
890, 04/01/2020, 05:46:00, "...", 60.0171814
889, 04/01/2020, 05:47:00, "...", 60.0225563
888, 04/01/2020, 05:48:00, "...", 60.00085449
887, 04/01/2020, 05:49:00, "...", 59.99855423
886, 04/01/2020, 05:50:00, "...", 60.01419449
885, 04/01/2020, 05:51:00, "...", 60.00745773
884, 04/01/2020, 05:52:00, "...", 60.01168823
883, 04/01/2020, 05:53:00, "...", 60.00543594
882, 04/01/2020, 05:54:00, "...", 60.01207352
881, 04/01/2020, 05:55:00, "...", 59.99879837
880, 04/01/2020, 05:56:00, "...", 59.99925995
879, 04/01/2020, 05:57:00, "...", 60.01480865
878, 04/01/2020, 05:58:00, "...", 60.03276062
877, 04/01/2020, 05:59:00, "...", 60.03424835
876, 04/01/2020, 06:00:00, "...", 60.02732468
875, 04/01/2020, 06:01:00, "...", 60.01517487
874, 04/01/2020, 06:02:00, "...", 60.0413208
873, 04/01/2020, 06:03:00, "...", 60.02829742
872, 04/01/2020, 06:04:00, "...", 59.99615479
871, 04/01/2020, 06:05:00, "...", 60.00937271
870, 04/01/2020, 06:06:00, "...", 59.99892426
869, 04/01/2020, 06:07:00, "...", 60.02387238
868, 04/01/2020, 06:08:00, "...", 60.02293777
867, 04/01/2020, 06:09:00, "...", 60.00189972
866, 04/01/2020, 06:10:00, "...", 59.98463058
865, 04/01/2020, 06:11:00, "...", 59.97933197
864, 04/01/2020, 06:12:00, "...", 59.97974014
863, 04/01/2020, 06:13:00, "...", 59.9974823
862, 04/01/2020, 06:14:00, "...", 60.00363541
861, 04/01/2020, 06:15:00, "...", 60.01953125
860, 04/01/2020, 06:16:00, "...", 60.0128212
859, 04/01/2020, 06:17:00, "...", 60.00799179
858, 04/01/2020, 06:18:00, "...", 59.99746704
857, 04/01/2020, 06:19:00, "...", 59.98347473
856, 04/01/2020, 06:20:00, "...", 59.99314117
855, 04/01/2020, 06:21:00, "...", 59.96944427
854, 04/01/2020, 06:22:00, "...", 59.98344421
853, 04/01/2020, 06:23:00, "...", 60.00550461
852, 04/01/2020, 06:24:00, "...", 60.0084877
851, 04/01/2020, 06:25:00, "...", 60.00950623
850, 04/01/2020, 06:26:00, "...", 60.01639557
849, 04/01/2020, 06:27:00, "...", 60.01050186
848, 04/01/2020, 06:28:00, "...", 59.9956665
847, 04/01/2020, 06:29:00, "...", 60.0122757
846, 04/01/2020, 06:30:00, "...", 59.99139023
845, 04/01/2020, 06:31:00, "...", 60.0365181
844, 04/01/2020, 06:32:00, "...", 60.0134697
843, 04/01/2020, 06:33:00, "...", 60.00134659
842, 04/01/2020, 06:34:00, "...", 59.99874878
841, 04/01/2020, 06:35:00, "...", 59.99393463
840, 04/01/2020, 06:36:00, "...", 59.99512863
839, 04/01/2020, 06:37:00, "...", 59.99888229
838, 04/01/2020, 06:38:00, "...", 60.00379181
837, 04/01/2020, 06:39:00, "...", 60.01276398
836, 04/01/2020, 06:40:00, "...", 60.01272964
835, 04/01/2020, 06:41:00, "...", 60.00907135
834, 04/01/2020, 06:42:00, "...", 60.01541138
833, 04/01/2020, 06:43:00, "...", 60.00195694
832, 04/01/2020, 06:44:00, "...", 60.00054169
831, 04/01/2020, 06:45:00, "...", 59.99827576
830, 04/01/2020, 06:46:00, "...", 60.02143097
829, 04/01/2020, 06:47:00, "...", 60.02884293
828, 04/01/2020, 06:48:00, "...", 60.01937866
827, 04/01/2020, 06:49:00, "...", 59.99933624
826, 04/01/2020, 06:50:00, "...", 59.99076462
825, 04/01/2020, 06:51:00, "...", 59.99578094
824, 04/01/2020, 06:52:00, "...", 60.00452042
823, 04/01/2020, 06:53:00, "...", 60.0001297
822, 04/01/2020, 06:54:00, "...", 59.97659683
821, 04/01/2020, 06:55:00, "...", 60.01111221
820, 04/01/2020, 06:56:00, "...", 59.99160385
819, 04/01/2020, 06:57:00, "...", 59.9846344
818, 04/01/2020, 06:58:00, "...", 59.99491501
817, 04/01/2020, 06:59:00, "...", 60.00305176
816, 04/01/2020, 07:00:00, "...", 59.98148346
815, 04/01/2020, 07:01:00, "...", 60.00548553
814, 04/01/2020, 07:02:00, "...", 60.00030136
813, 04/01/2020, 07:03:00, "...", 59.99354172
812, 04/01/2020, 07:04:00, "...", 60.01724243
811, 04/01/2020, 07:05:00, "...", 60.01430511
810, 04/01/2020, 07:06:00, "...", 60.0312767
809, 04/01/2020, 07:07:00, "...", 60.00119019
808, 04/01/2020, 07:08:00, "...", 60.02152252
807, 04/01/2020, 07:09:00, "...", 60.0268898
806, 04/01/2020, 07:10:00, "...", 60.02329254
805, 04/01/2020, 07:11:00, "...", 60.01856613
804, 04/01/2020, 07:12:00, "...", 60.02988434
803, 04/01/2020, 07:13:00, "...", 60.03604507
802, 04/01/2020, 07:14:00, "...", 60.01083755
801, 04/01/2020, 07:15:00, "...", 60.01194763
800, 04/01/2020, 07:16:00, "...", 59.99449539
799, 04/01/2020, 07:17:00, "...", 59.98203659
798, 04/01/2020, 07:18:00, "...", 59.98567581
797, 04/01/2020, 07:19:00, "...", 59.98109055
796, 04/01/2020, 07:20:00, "...", 59.98544312
795, 04/01/2020, 07:21:00, "...", 60.00295258
794, 04/01/2020, 07:22:00, "...", 59.99788284
793, 04/01/2020, 07:23:00, "...", 59.98611832
792, 04/01/2020, 07:24:00, "...", 60.00647736
791, 04/01/2020, 07:25:00, "...", 60.00151062
790, 04/01/2020, 07:26:00, "...", 60.01123047
789, 04/01/2020, 07:27:00, "...", 60.01636505
788, 04/01/2020, 07:28:00, "...", 59.9991951
787, 04/01/2020, 07:29:00, "...", 59.98822784
786, 04/01/2020, 07:30:00, "...", 60.0030098
785, 04/01/2020, 07:31:00, "...", 59.99287796
784, 04/01/2020, 07:32:00, "...", 60.00353241
783, 04/01/2020, 07:33:00, "...", 60.00003052
782, 04/01/2020, 07:34:00, "...", 59.99232864
781, 04/01/2020, 07:35:00, "...", 59.99055099
780, 04/01/2020, 07:36:00, "...", 60.00202942
779, 04/01/2020, 07:37:00, "...", 60.00398254
778, 04/01/2020, 07:38:00, "...", 60.01451874
777, 04/01/2020, 07:39:00, "...", 60.006073
776, 04/01/2020, 07:40:00, "...", 60.01051712
775, 04/01/2020, 07:41:00, "...", 60.01687241
774, 04/01/2020, 07:42:00, "...", 60.02659607
773, 04/01/2020, 07:43:00, "...", 59.99742889
772, 04/01/2020, 07:44:00, "...", 59.99037552
771, 04/01/2020, 07:45:00, "...", 59.98748398
770, 04/01/2020, 07:46:00, "...", 60.00404358
769, 04/01/2020, 07:47:00, "...", 60.02215576
768, 04/01/2020, 07:48:00, "...", 60.01280594
767, 04/01/2020, 07:49:00, "...", 60.0024147
766, 04/01/2020, 07:50:00, "...", 59.97449112
765, 04/01/2020, 07:51:00, "...", 59.99477768
764, 04/01/2020, 07:52:00, "...", 59.99892807
763, 04/01/2020, 07:53:00, "...", 60.01590347
762, 04/01/2020, 07:54:00, "...", 60.01971054
761, 04/01/2020, 07:55:00, "...", 60.02428055
760, 04/01/2020, 07:56:00, "...", 60.00803375
759, 04/01/2020, 07:57:00, "...", 59.99493408
758, 04/01/2020, 07:58:00, "...", 60.01953125
757, 04/01/2020, 07:59:00, "...", 59.99694061
756, 04/01/2020, 08:00:00, "...", 60.00305939
755, 04/01/2020, 08:01:00, "...", 59.99788284
754, 04/01/2020, 08:02:00, "...", 60.01608658
753, 04/01/2020, 08:03:00, "...", 59.97821045
752, 04/01/2020, 08:04:00, "...", 59.99515533
751, 04/01/2020, 08:05:00, "...", 59.98605347
750, 04/01/2020, 08:06:00, "...", 59.97920609
749, 04/01/2020, 08:07:00, "...", 59.97938538
748, 04/01/2020, 08:08:00, "...", 59.98681641
747, 04/01/2020, 08:09:00, "...", 60.00054169
746, 04/01/2020, 08:10:00, "...", 59.98517227
745, 04/01/2020, 08:11:00, "...", 59.9972229
744, 04/01/2020, 08:12:00, "...", 59.98324966
743, 04/01/2020, 08:13:00, "...", 59.99659348
742, 04/01/2020, 08:14:00, "...", 60.00750732
741, 04/01/2020, 08:15:00, "...", 60.0153656
740, 04/01/2020, 08:16:00, "...", 60.01055527
739, 04/01/2020, 08:17:00, "...", 60.00811005
738, 04/01/2020, 08:18:00, "...", 60.02099991
737, 04/01/2020, 08:19:00, "...", 59.99987411
736, 04/01/2020, 08:20:00, "...", 59.99607849
735, 04/01/2020, 08:21:00, "...", 59.99195099
734, 04/01/2020, 08:22:00, "...", 59.99443054
733, 04/01/2020, 08:23:00, "...", 59.98609161
732, 04/01/2020, 08:24:00, "...", 59.98115158
731, 04/01/2020, 08:25:00, "...", 59.99576187
730, 04/01/2020, 08:26:00, "...", 59.99666977
729, 04/01/2020, 08:27:00, "...", 60.00112534
728, 04/01/2020, 08:28:00, "...", 60.00214005
727, 04/01/2020, 08:29:00, "...", 59.97996521
726, 04/01/2020, 08:30:00, "...", 59.98596573
725, 04/01/2020, 08:31:00, "...", 59.97821808
724, 04/01/2020, 08:32:00, "...", 59.97891998
723, 04/01/2020, 08:33:00, "...", 60.01390076
722, 04/01/2020, 08:34:00, "...", 60.0198822
721, 04/01/2020, 08:35:00, "...", 60.01663208
720, 04/01/2020, 08:36:00, "...", 60.01318741
719, 04/01/2020, 08:37:00, "...", 60.01059723
718, 04/01/2020, 08:38:00, "...", 59.99609375
717, 04/01/2020, 08:39:00, "...", 60.0014801
716, 04/01/2020, 08:40:00, "...", 60.01044464
715, 04/01/2020, 08:41:00, "...", 60.00312042
714, 04/01/2020, 08:42:00, "...", 60.00346375
713, 04/01/2020, 08:43:00, "...", 60.00244904
712, 04/01/2020, 08:44:00, "...", 60.0127449
711, 04/01/2020, 08:45:00, "...", 60.02183914
710, 04/01/2020, 08:46:00, "...", 60.02534103
709, 04/01/2020, 08:47:00, "...", 60.00320053
708, 04/01/2020, 08:48:00, "...", 59.99082947
707, 04/01/2020, 08:49:00, "...", 60.01818848
706, 04/01/2020, 08:50:00, "...", 60.04107285
705, 04/01/2020, 08:51:00, "...", 60.05776978
704, 04/01/2020, 08:52:00, "...", 60.03327942
703, 04/01/2020, 08:53:00, "...", 60.02264023
702, 04/01/2020, 08:54:00, "...", 60.01255035
701, 04/01/2020, 08:55:00, "...", 60.01116943
700, 04/01/2020, 08:56:00, "...", 60.03216171
699, 04/01/2020, 08:57:00, "...", 60.0298996
698, 04/01/2020, 08:58:00, "...", 60.02947998
697, 04/01/2020, 08:59:00, "...", 60.03899384
696, 04/01/2020, 09:00:00, "...", 60.03758621
695, 04/01/2020, 09:01:00, "...", 60.04196167
694, 04/01/2020, 09:02:00, "...", 60.02972031
693, 04/01/2020, 09:03:00, "...", 60.01777649
692, 04/01/2020, 09:04:00, "...", 60.01328659
691, 04/01/2020, 09:05:00, "...", 59.99283981
690, 04/01/2020, 09:06:00, "...", 59.98468018
689, 04/01/2020, 09:07:00, "...", 59.98481369
688, 04/01/2020, 09:08:00, "...", 59.98357773
687, 04/01/2020, 09:09:00, "...", 59.97796249
686, 04/01/2020, 09:10:00, "...", 59.98305893
685, 04/01/2020, 09:11:00, "...", 60.00624084
684, 04/01/2020, 09:12:00, "...", 59.99737549
683, 04/01/2020, 09:13:00, "...", 60.00087357
682, 04/01/2020, 09:14:00, "...", 59.9912262
681, 04/01/2020, 09:15:00, "...", 59.99194336
680, 04/01/2020, 09:16:00, "...", 60.01472473
679, 04/01/2020, 09:17:00, "...", 60.0079422
678, 04/01/2020, 09:18:00, "...", 60.00961685
677, 04/01/2020, 09:19:00, "...", 60.00336838
676, 04/01/2020, 09:20:00, "...", 59.99337006
675, 04/01/2020, 09:21:00, "...", 60.00418472
674, 04/01/2020, 09:22:00, "...", 60.02804947
673, 04/01/2020, 09:23:00, "...", 59.99720764
672, 04/01/2020, 09:24:00, "...", 60.01154327
671, 04/01/2020, 09:25:00, "...", 59.97928619
670, 04/01/2020, 09:26:00, "...", 59.97439575
669, 04/01/2020, 09:27:00, "...", 59.98335266
668, 04/01/2020, 09:28:00, "...", 59.98286819
667, 04/01/2020, 09:29:00, "...", 59.99838638
666, 04/01/2020, 09:30:00, "...", 60.01789856
665, 04/01/2020, 09:31:00, "...", 59.99044037
664, 04/01/2020, 09:32:00, "...", 60.00002289
663, 04/01/2020, 09:33:00, "...", 60.00248337
662, 04/01/2020, 09:34:00, "...", 60.00641632
661, 04/01/2020, 09:35:00, "...", 60.01045227
660, 04/01/2020, 09:36:00, "...", 59.99369049
659, 04/01/2020, 09:37:00, "...", 59.98551178
658, 04/01/2020, 09:38:00, "...", 60.00152206
657, 04/01/2020, 09:39:00, "...", 60.02004242
656, 04/01/2020, 09:40:00, "...", 60.00736237
655, 04/01/2020, 09:41:00, "...", 60.00110626
654, 04/01/2020, 09:42:00, "...", 59.97674179
653, 04/01/2020, 09:43:00, "...", 59.98685837
652, 04/01/2020, 09:44:00, "...", 59.98085022
651, 04/01/2020, 09:45:00, "...", 59.9704361
650, 04/01/2020, 09:46:00, "...", 59.99624252
649, 04/01/2020, 09:47:00, "...", 59.99858093
648, 04/01/2020, 09:48:00, "...", 60.00236511
647, 04/01/2020, 09:49:00, "...", 60.0020752
646, 04/01/2020, 09:50:00, "...", 60.00509644
645, 04/01/2020, 09:51:00, "...", 59.99356842
644, 04/01/2020, 09:52:00, "...", 59.99936295
643, 04/01/2020, 09:53:00, "...", 59.97966766
642, 04/01/2020, 09:54:00, "...", 59.98293304
641, 04/01/2020, 09:55:00, "...", 60.00074387
640, 04/01/2020, 09:56:00, "...", 60.02253723
639, 04/01/2020, 09:57:00, "...", 60.01833725
638, 04/01/2020, 09:58:00, "...", 60.01873016
637, 04/01/2020, 09:59:00, "...", 59.98667145
636, 04/01/2020, 10:00:00, "...", 59.98864746
635, 04/01/2020, 10:01:00, "...", 60.00912476
634, 04/01/2020, 10:02:00, "...", 60.00701523
633, 04/01/2020, 10:03:00, "...", 59.99128723
632, 04/01/2020, 10:04:00, "...", 59.99900818
631, 04/01/2020, 10:05:00, "...", 59.99224854
630, 04/01/2020, 10:06:00, "...", 59.99391937
629, 04/01/2020, 10:07:00, "...", 59.97867584
628, 04/01/2020, 10:08:00, "...", 60.0088501
627, 04/01/2020, 10:09:00, "...", 60.01745224
626, 04/01/2020, 10:10:00, "...", 60.00239563
625, 04/01/2020, 10:11:00, "...", 59.99570465
624, 04/01/2020, 10:12:00, "...", 60.01102066
623, 04/01/2020, 10:13:00, "...", 59.99491119
622, 04/01/2020, 10:14:00, "...", 60.01115036
621, 04/01/2020, 10:15:00, "...", 60.0031395
620, 04/01/2020, 10:16:00, "...", 60.02225876
619, 04/01/2020, 10:17:00, "...", 60.02216721
618, 04/01/2020, 10:18:00, "...", 60.01073074
617, 04/01/2020, 10:19:00, "...", 59.98414993
616, 04/01/2020, 10:20:00, "...", 60.01951981
615, 04/01/2020, 10:21:00, "...", 60.00122833
614, 04/01/2020, 10:22:00, "...", 60.03363037
613, 04/01/2020, 10:23:00, "...", 60.03420639
612, 04/01/2020, 10:24:00, "...", 60.03507233
611, 04/01/2020, 10:25:00, "...", 60.03904724
610, 04/01/2020, 10:26:00, "...", 60.03352737
609, 04/01/2020, 10:27:00, "...", 60.02888107
608, 04/01/2020, 10:28:00, "...", 60.02808762
607, 04/01/2020, 10:29:00, "...", 60.03496933
606, 04/01/2020, 10:30:00, "...", 60.02362061
605, 04/01/2020, 10:31:00, "...", 59.99884033
604, 04/01/2020, 10:32:00, "...", 60.02887726
603, 04/01/2020, 10:33:00, "...", 60.02584076
602, 04/01/2020, 10:34:00, "...", 60.00642776
601, 04/01/2020, 10:35:00, "...", 60.00764847
600, 04/01/2020, 10:36:00, "...", 60.00318909
599, 04/01/2020, 10:37:00, "...", 59.99438858
598, 04/01/2020, 10:38:00, "...", 59.99443436
597, 04/01/2020, 10:39:00, "...", 60.01565552
596, 04/01/2020, 10:40:00, "...", 60.01577759
595, 04/01/2020, 10:41:00, "...", 60.01543045
594, 04/01/2020, 10:42:00, "...", 60.01442719
593, 04/01/2020, 10:43:00, "...", 60.02192688
592, 04/01/2020, 10:44:00, "...", 59.98807907
591, 04/01/2020, 10:45:00, "...", 59.99060822
590, 04/01/2020, 10:46:00, "...", 60.00754166
589, 04/01/2020, 10:47:00, "...", 60.00814056
588, 04/01/2020, 10:48:00, "...", 60.01684952
587, 04/01/2020, 10:49:00, "...", 60.01576996
586, 04/01/2020, 10:50:00, "...", 60.01628494
585, 04/01/2020, 10:51:00, "...", 60.03738022
584, 04/01/2020, 10:52:00, "...", 60.00785065
583, 04/01/2020, 10:53:00, "...", 60.00253677
582, 04/01/2020, 10:54:00, "...", 59.98025513
581, 04/01/2020, 10:55:00, "...", 59.99140167
580, 04/01/2020, 10:56:00, "...", 59.98350143
579, 04/01/2020, 10:57:00, "...", 60.00812531
578, 04/01/2020, 10:58:00, "...", 59.98114777
577, 04/01/2020, 10:59:00, "...", 59.98096085
576, 04/01/2020, 11:00:00, "...", 60.01040649
575, 04/01/2020, 11:01:00, "...", 59.99811554
574, 04/01/2020, 11:02:00, "...", 60.01081085
573, 04/01/2020, 11:03:00, "...", 60.0017395
572, 04/01/2020, 11:04:00, "...", 59.98935699
571, 04/01/2020, 11:05:00, "...", 59.98330307
570, 04/01/2020, 11:06:00, "...", 59.9804306
569, 04/01/2020, 11:07:00, "...", 59.98623657
568, 04/01/2020, 11:08:00, "...", 60.00223923
567, 04/01/2020, 11:09:00, "...", 60.00603104
566, 04/01/2020, 11:10:00, "...", 60.01139832
565, 04/01/2020, 11:11:00, "...", 60.00462723
564, 04/01/2020, 11:12:00, "...", 59.99538422
563, 04/01/2020, 11:13:00, "...", 59.98666382
562, 04/01/2020, 11:14:00, "...", 59.98387527
561, 04/01/2020, 11:15:00, "...", 59.98012924
560, 04/01/2020, 11:16:00, "...", 59.97127914
559, 04/01/2020, 11:17:00, "...", 60.00132751
558, 04/01/2020, 11:18:00, "...", 59.9954071
557, 04/01/2020, 11:19:00, "...", 59.99936676
556, 04/01/2020, 11:20:00, "...", 59.99446869
555, 04/01/2020, 11:21:00, "...", 59.9824295
554, 04/01/2020, 11:22:00, "...", 60.01913834
553, 04/01/2020, 11:23:00, "...", 60.00348282
552, 04/01/2020, 11:24:00, "...", 59.99885559
551, 04/01/2020, 11:25:00, "...", 59.99522781
550, 04/01/2020, 11:26:00, "...", 59.97612762
549, 04/01/2020, 11:27:00, "...", 59.98939514
548, 04/01/2020, 11:28:00, "...", 60.00524521
547, 04/01/2020, 11:29:00, "...", 60.00922012
546, 04/01/2020, 11:30:00, "...", 59.99977493
545, 04/01/2020, 11:31:00, "...", 60.01147079
544, 04/01/2020, 11:32:00, "...", 60.0091095
543, 04/01/2020, 11:33:00, "...", 60.00503922
542, 04/01/2020, 11:34:00, "...", 59.99012375
541, 04/01/2020, 11:35:00, "...", 59.99898529
540, 04/01/2020, 11:36:00, "...", 59.98077393
539, 04/01/2020, 11:37:00, "...", 60.01678467
538, 04/01/2020, 11:38:00, "...", 59.97666168
537, 04/01/2020, 11:39:00, "(2;3)", 59.98008347
536, 04/01/2020, 11:40:00, "...", 59.9869957
535, 04/01/2020, 11:41:00, "...", 60.00067902
534, 04/01/2020, 11:42:00, "...", 60.01028824
533, 04/01/2020, 11:43:00, "...", 60.01984406
532, 04/01/2020, 11:44:00, "...", 60.00403976
531, 04/01/2020, 11:45:00, "...", 60.00066757
530, 04/01/2020, 11:46:00, "...", 59.99246597
529, 04/01/2020, 11:47:00, "...", 60.00027847
528, 04/01/2020, 11:48:00, "...", 60.00299454
527, 04/01/2020, 11:49:00, "...", 59.97790146
526, 04/01/2020, 11:50:00, "...", 59.98738098
525, 04/01/2020, 11:51:00, "...", 60.00091171
524, 04/01/2020, 11:52:00, "...", 60.02066422
523, 04/01/2020, 11:53:00, "...", 60.02625275
522, 04/01/2020, 11:54:00, "...", 60.00270081
521, 04/01/2020, 11:55:00, "...", 59.98358917
520, 04/01/2020, 11:56:00, "...", 60.01992416
519, 04/01/2020, 11:57:00, "...", 60.00512695
518, 04/01/2020, 11:58:00, "...", 59.9934082
517, 04/01/2020, 11:59:00, "...", 59.99546814
516, 04/01/2020, 12:00:00, "...", 59.99230957
515, 04/01/2020, 12:01:00, "...", 59.99142075
514, 04/01/2020, 12:02:00, "...", 59.98320389
513, 04/01/2020, 12:03:00, "...", 60.00498962
512, 04/01/2020, 12:04:00, "...", 60.01364517
511, 04/01/2020, 12:05:00, "...", 59.99546814
510, 04/01/2020, 12:06:00, "...", 59.9801712
509, 04/01/2020, 12:07:00, "...", 60.00041199
508, 04/01/2020, 12:08:00, "...", 59.99762726
507, 04/01/2020, 12:09:00, "...", 60.00071335
506, 04/01/2020, 12:10:00, "...", 60.0029068
505, 04/01/2020, 12:11:00, "...", 59.99996948
504, 04/01/2020, 12:12:00, "...", 60.02321625
503, 04/01/2020, 12:13:00, "...", 60.0078125
502, 04/01/2020, 12:14:00, "...", 60.01060486
501, 04/01/2020, 12:15:00, "...", 60.03497314
500, 04/01/2020, 12:16:00, "...", 59.97937775
499, 04/01/2020, 12:17:00, "...", 59.99697876
498, 04/01/2020, 12:18:00, "...", 59.99739075
497, 04/01/2020, 12:19:00, "...", 59.99150848
496, 04/01/2020, 12:20:00, "...", 59.98630142
495, 04/01/2020, 12:21:00, "...", 59.99645996
494, 04/01/2020, 12:22:00, "...", 59.99209976
493, 04/01/2020, 12:23:00, "...", 60.00425339
492, 04/01/2020, 12:24:00, "...", 59.99670029
491, 04/01/2020, 12:25:00, "...", 59.99074936
490, 04/01/2020, 12:26:00, "...", 60.00466156
489, 04/01/2020, 12:27:00, "...", 59.99230576
488, 04/01/2020, 12:28:00, "...", 60.00174332
487, 04/01/2020, 12:29:00, "...", 60.01961899
486, 04/01/2020, 12:30:00, "...", 59.99832916
485, 04/01/2020, 12:31:00, "...", 59.98787689
484, 04/01/2020, 12:32:00, "...", 59.99703217
483, 04/01/2020, 12:33:00, "...", 60.00375748
482, 04/01/2020, 12:34:00, "...", 59.99420929
481, 04/01/2020, 12:35:00, "...", 59.99665451
480, 04/01/2020, 12:36:00, "...", 59.99163437
479, 04/01/2020, 12:37:00, "...", 60.00955963
478, 04/01/2020, 12:38:00, "...", 59.96836472
477, 04/01/2020, 12:39:00, "...", 59.98548126
476, 04/01/2020, 12:40:00, "...", 59.99244308
475, 04/01/2020, 12:41:00, "...", 60.02288055
474, 04/01/2020, 12:42:00, "...", 60.00737762
473, 04/01/2020, 12:43:00, "...", 60.01156616
472, 04/01/2020, 12:44:00, "...", 60.02857208
471, 04/01/2020, 12:45:00, "...", 60.004879
470, 04/01/2020, 12:46:00, "...", 60.00746536
469, 04/01/2020, 12:47:00, "...", 59.98993683
468, 04/01/2020, 12:48:00, "...", 59.98854065
467, 04/01/2020, 12:49:00, "...", 59.98106003
466, 04/01/2020, 12:50:00, "...", 59.98544312
465, 04/01/2020, 12:51:00, "...", 59.98973846
464, 04/01/2020, 12:52:00, "...", 60.00721359
463, 04/01/2020, 12:53:00, "...", 59.98635101
462, 04/01/2020, 12:54:00, "...", 59.97820282
461, 04/01/2020, 12:55:00, "...", 59.97130203
460, 04/01/2020, 12:56:00, "...", 60.00165558
459, 04/01/2020, 12:57:00, "...", 59.98537445
458, 04/01/2020, 12:58:00, "...", 59.98251724
457, 04/01/2020, 12:59:00, "...", 60.00189972
456, 04/01/2020, 13:00:00, "...", 59.99393845
455, 04/01/2020, 13:01:00, "...", 59.98390961
454, 04/01/2020, 13:02:00, "...", 59.98455429
453, 04/01/2020, 13:03:00, "...", 60.0201149
452, 04/01/2020, 13:04:00, "...", 59.98590851
451, 04/01/2020, 13:05:00, "...", 60.01678085
450, 04/01/2020, 13:06:00, "...", 60.02369308
449, 04/01/2020, 13:07:00, "...", 60.00870132
448, 04/01/2020, 13:08:00, "...", 60.02873993
447, 04/01/2020, 13:09:00, "...", 59.9948349
446, 04/01/2020, 13:10:00, "...", 60.02455521
445, 04/01/2020, 13:11:00, "...", 60.00677109
444, 04/01/2020, 13:12:00, "...", 59.98735046
443, 04/01/2020, 13:13:00, "...", 59.95534897
442, 04/01/2020, 13:14:00, "...", 59.96703339
441, 04/01/2020, 13:15:00, "...", 59.99287033
440, 04/01/2020, 13:16:00, "...", 60.01512146
439, 04/01/2020, 13:17:00, "...", 59.98900604
438, 04/01/2020, 13:18:00, "...", 59.99168777
437, 04/01/2020, 13:19:00, "...", 59.97530365
436, 04/01/2020, 13:20:00, "...", 60.00510788
435, 04/01/2020, 13:21:00, "...", 60.01767731
434, 04/01/2020, 13:22:00, "...", 60.00932693
433, 04/01/2020, 13:23:00, "...", 60.02335358
432, 04/01/2020, 13:24:00, "...", 60.01540756
431, 04/01/2020, 13:25:00, "...", 60.02838135
430, 04/01/2020, 13:26:00, "...", 60.01436234
429, 04/01/2020, 13:27:00, "...", 60.02083206
428, 04/01/2020, 13:28:00, "...", 60.00681305
427, 04/01/2020, 13:29:00, "...", 60.00973511
426, 04/01/2020, 13:30:00, "...", 60.02304459
425, 04/01/2020, 13:31:00, "...", 59.99817657
424, 04/01/2020, 13:32:00, "...", 59.98434067
423, 04/01/2020, 13:33:00, "...", 59.9589386
422, 04/01/2020, 13:34:00, "...", 59.97007751
421, 04/01/2020, 13:35:00, "...", 59.9565506
420, 04/01/2020, 13:36:00, "...", 60.00344849
419, 04/01/2020, 13:37:00, "...", 59.98519897
418, 04/01/2020, 13:38:00, "...", 59.9939003
417, 04/01/2020, 13:39:00, "...", 59.9800148
416, 04/01/2020, 13:40:00, "...", 59.98616028
415, 04/01/2020, 13:41:00, "...", 59.97659302
414, 04/01/2020, 13:42:00, "...", 59.98693848
413, 04/01/2020, 13:43:00, "...", 60.00130081
412, 04/01/2020, 13:44:00, "...", 60.00379181
411, 04/01/2020, 13:45:00, "...", 59.99726868
410, 04/01/2020, 13:46:00, "...", 59.99433899
409, 04/01/2020, 13:47:00, "...", 59.98602676
408, 04/01/2020, 13:48:00, "...", 60.01018906
407, 04/01/2020, 13:49:00, "...", 60.01422119
406, 04/01/2020, 13:50:00, "...", 59.99750137
405, 04/01/2020, 13:51:00, "...", 60.00989914
404, 04/01/2020, 13:52:00, "...", 59.99025345
403, 04/01/2020, 13:53:00, "...", 59.98180008
402, 04/01/2020, 13:54:00, "...", 60.00606155
401, 04/01/2020, 13:55:00, "...", 60.02428818
400, 04/01/2020, 13:56:00, "...", 59.98560333
399, 04/01/2020, 13:57:00, "...", 59.99545288
398, 04/01/2020, 13:58:00, "...", 60.0036087
397, 04/01/2020, 13:59:00, "...", 59.98044586
396, 04/01/2020, 14:00:00, "...", 59.98285294
395, 04/01/2020, 14:01:00, "...", 59.97024155
394, 04/01/2020, 14:02:00, "...", 59.97719193
393, 04/01/2020, 14:03:00, "...", 59.9849205
392, 04/01/2020, 14:04:00, "(2)", 0
391, 04/02/2020, 09:49:00, "(2;3)", 60
390, 04/02/2020, 09:50:00, "...", 60
389, 04/02/2020, 09:51:00, "...", 60
388, 04/02/2020, 09:52:00, "...", 60
387, 04/02/2020, 09:53:00, "...", 60
386, 04/02/2020, 09:54:00, "...", 60
385, 04/02/2020, 09:55:00, "...", 60
384, 04/02/2020, 09:56:00, "...", 60
383, 04/02/2020, 09:57:00, "...", 60
382, 04/02/2020, 09:58:00, "...", 60
381, 04/02/2020, 09:59:00, "...", 60
380, 04/02/2020, 10:00:00, "...", 60
379, 04/02/2020, 10:01:00, "...", 60
378, 04/02/2020, 10:02:00, "...", 60
377, 04/02/2020, 10:03:00, "...", 60
376, 04/02/2020, 10:04:00, "...", 60
375, 04/02/2020, 10:05:00, "...", 60
374, 04/02/2020, 10:06:00, "...", 60
373, 04/02/2020, 10:07:00, "...", 60
372, 04/02/2020, 10:08:00, "...", 60
371, 04/02/2020, 10:09:00, "...", 60
370, 04/02/2020, 10:10:00, "...", 60
369, 04/02/2020, 10:11:00, "...", 60
368, 04/02/2020, 10:12:00, "...", 60
367, 04/02/2020, 10:13:00, "...", 60
366, 04/02/2020, 10:14:00, "...", 60
365, 04/02/2020, 10:15:00, "...", 60
364, 04/02/2020, 10:16:00, "...", 60
363, 04/02/2020, 10:17:00, "...", 60
362, 04/02/2020, 10:18:00, "...", 60
361, 04/02/2020, 10:19:00, "...", 60
360, 04/02/2020, 10:20:00, "...", 60
359, 04/02/2020, 10:21:00, "...", 60
358, 04/02/2020, 10:22:00, "...", 60
357, 04/02/2020, 10:23:00, "...", 60
356, 04/02/2020, 10:24:00, "...", 60
355, 04/02/2020, 10:25:00, "...", 60
354, 04/02/2020, 10:26:00, "...", 60
353, 04/02/2020, 10:27:00, "...", 60
352, 04/02/2020, 10:28:00, "...", 60
351, 04/02/2020, 10:29:00, "...", 60
350, 04/02/2020, 10:30:00, "...", 60
349, 04/02/2020, 10:31:00, "...", 60
348, 04/02/2020, 10:32:00, "...", 60
347, 04/02/2020, 10:33:00, "...", 60
346, 04/02/2020, 10:34:00, "...", 60
345, 04/02/2020, 10:35:00, "...", 60
344, 04/02/2020, 10:36:00, "...", 60
343, 04/02/2020, 10:37:00, "...", 60
342, 04/02/2020, 10:38:00, "...", 60
341, 04/02/2020, 10:39:00, "...", 60
340, 04/02/2020, 10:40:00, "...", 60
339, 04/02/2020, 10:41:00, "...", 60
338, 04/02/2020, 10:42:00, "...", 60
337, 04/02/2020, 10:43:00, "...", 60
336, 04/02/2020, 10:44:00, "...", 60
335, 04/02/2020, 10:45:00, "...", 60
334, 04/02/2020, 10:46:00, "...", 60
333, 04/02/2020, 10:47:00, "...", 60
332, 04/02/2020, 10:48:00, "...", 60
331, 04/02/2020, 10:49:00, "...", 60
330, 04/02/2020, 10:50:00, "...", 60
329, 04/02/2020, 10:51:00, "...", 60
328, 04/02/2020, 10:52:00, "...", 60
327, 04/02/2020, 10:53:00, "...", 60
326, 04/02/2020, 10:54:00, "...", 60
325, 04/02/2020, 10:55:00, "...", 60
324, 04/02/2020, 10:56:00, "...", 60
323, 04/02/2020, 10:57:00, "...", 60
322, 04/02/2020, 10:58:00, "...", 60
321, 04/02/2020, 10:59:00, "...", 60
320, 04/02/2020, 11:00:00, "...", 60
319, 04/02/2020, 11:01:00, "...", 60
318, 04/02/2020, 11:02:00, "...", 60
317, 04/02/2020, 11:03:00, "...", 60
316, 04/02/2020, 11:04:00, "...", 60
315, 04/02/2020, 11:05:00, "...", 60
314, 04/02/2020, 11:06:00, "...", 60
313, 04/02/2020, 11:07:00, "...", 60
312, 04/02/2020, 11:08:00, "...", 60
311, 04/02/2020, 11:09:00, "...", 60
310, 04/02/2020, 11:10:00, "...", 60
309, 04/02/2020, 11:11:00, "...", 60
308, 04/02/2020, 11:12:00, "...", 60
307, 04/02/2020, 11:13:00, "...", 60
306, 04/02/2020, 11:14:00, "...", 60
305, 04/02/2020, 11:15:00, "...", 60
304, 04/02/2020, 11:16:00, "...", 60
303, 04/02/2020, 11:17:00, "...", 60
302, 04/02/2020, 11:18:00, "...", 60
301, 04/02/2020, 11:19:00, "...", 60
300, 04/02/2020, 11:20:00, "...", 60
299, 04/02/2020, 11:21:00, "...", 60
298, 04/02/2020, 11:22:00, "...", 60
297, 04/02/2020, 11:23:00, "...", 60
296, 04/02/2020, 11:24:00, "...", 60
295, 04/02/2020, 11:25:00, "...", 60
294, 04/02/2020, 11:26:00, "...", 60
293, 04/02/2020, 11:27:00, "...", 60
292, 04/02/2020, 11:28:00, "...", 60
291, 04/02/2020, 11:29:00, "...", 60
290, 04/02/2020, 11:30:00, "...", 60
289, 04/02/2020, 11:31:00, "...", 60
288, 04/02/2020, 11:32:00, "...", 60
287, 04/02/2020, 11:33:00, "...", 60
286, 04/02/2020, 11:34:00, "...", 60
285, 04/02/2020, 11:35:00, "...", 60
284, 04/02/2020, 11:36:00, "...", 60
283, 04/02/2020, 11:37:00, "...", 60
282, 04/02/2020, 11:38:00, "...", 60
281, 04/02/2020, 11:39:00, "...", 60
280, 04/02/2020, 11:40:00, "...", 60
279, 04/02/2020, 11:41:00, "...", 60
278, 04/02/2020, 11:42:00, "...", 60
277, 04/02/2020, 11:43:00, "...", 60
276, 04/02/2020, 11:44:00, "...", 60
275, 04/02/2020, 11:45:00, "(2)", 0
274, 04/02/2020, 12:04:00, "(2;3)", 60.19537735
273, 04/02/2020, 12:05:00, "...", 61.46917343
272, 04/02/2020, 12:06:00, "...", 61.92567062
271, 04/02/2020, 12:07:00, "...", 62.62028122
270, 04/02/2020, 12:08:00, "...", 62.45674896
269, 04/02/2020, 12:09:00, "...", 62.37221146
268, 04/02/2020, 12:10:00, "...", 62.35763931
267, 04/02/2020, 12:11:00, "(2;3)", 62.51306534
266, 04/02/2020, 12:12:00, "...", 62.29594421
265, 04/02/2020, 12:13:00, "...", 62.31207275
264, 04/02/2020, 12:14:00, "...", 62.3220253
263, 04/02/2020, 12:15:00, "...", 62.35594177
262, 04/02/2020, 12:16:00, "...", 62.64766312
261, 04/02/2020, 12:17:00, "...", 62.45968246
260, 04/02/2020, 12:18:00, "...", 62.42230606
259, 04/02/2020, 12:19:00, "...", 62.62784195
258, 04/02/2020, 12:20:00, "...", 62.64227295
257, 04/02/2020, 12:21:00, "...", 62.62512589
256, 04/02/2020, 12:22:00, "...", 62.71894836
255, 04/02/2020, 12:23:00, "...", 62.69792175
254, 04/02/2020, 12:24:00, "(2;3)", 62.51774597
253, 04/02/2020, 12:25:00, "...", 62.59840393
252, 04/02/2020, 12:26:00, "...", 62.47685242
251, 04/02/2020, 12:27:00, "...", 62.35868835
250, 04/02/2020, 12:28:00, "...", 62.54152298
249, 04/02/2020, 12:29:00, "...", 62.43034744
248, 04/02/2020, 12:30:00, "...", 62.94519424
247, 04/02/2020, 12:31:00, "...", 62.51333618
246, 04/02/2020, 12:32:00, "...", 62.70270157
245, 04/02/2020, 12:33:00, "...", 62.94240952
244, 04/02/2020, 12:34:00, "...", 62.84616089
243, 04/02/2020, 12:35:00, "...", 62.5169754
242, 04/02/2020, 12:36:00, "...", 62.79918671
241, 04/02/2020, 12:37:00, "...", 62.82048035
240, 04/02/2020, 12:38:00, "...", 62.71883011
239, 04/02/2020, 12:39:00, "...", 62.76903152
238, 04/02/2020, 12:40:00, "...", 62.78365326
237, 04/02/2020, 12:41:00, "...", 62.73520279
236, 04/02/2020, 12:42:00, "...", 62.76070786
235, 04/02/2020, 12:43:00, "...", 62.80770874
234, 04/02/2020, 12:44:00, "...", 62.71865845
233, 04/02/2020, 12:45:00, "...", 62.83168793
232, 04/02/2020, 12:46:00, "...", 62.82251358
231, 04/02/2020, 12:47:00, "...", 62.81409454
230, 04/02/2020, 12:48:00, "...", 62.87800217
229, 04/02/2020, 12:49:00, "...", 62.93465424
228, 04/02/2020, 12:50:00, "...", 62.87412262
227, 04/02/2020, 12:51:00, "...", 62.9041748
226, 04/02/2020, 12:52:00, "...", 62.81197739
225, 04/02/2020, 12:53:00, "...", 62.79894257
224, 04/02/2020, 12:54:00, "...", 62.8868866
223, 04/02/2020, 12:55:00, "...", 62.84767914
222, 04/02/2020, 12:56:00, "...", 62.96989822
221, 04/02/2020, 12:57:00, "...", 63.17592621
220, 04/02/2020, 12:58:00, "...", 63.18851471
219, 04/02/2020, 12:59:00, "...", 63.18223953
218, 04/02/2020, 13:00:00, "...", 63.20669937
217, 04/02/2020, 13:01:00, "...", 63.237957
216, 04/02/2020, 13:02:00, "...", 63.19184494
215, 04/02/2020, 13:03:00, "...", 63.21478653
214, 04/02/2020, 13:04:00, "...", 63.25422287
213, 04/02/2020, 13:05:00, "...", 63.23699188
212, 04/02/2020, 13:06:00, "...", 63.22179413
211, 04/02/2020, 13:07:00, "...", 63.18796158
210, 04/02/2020, 13:08:00, "...", 63.1770668
209, 04/02/2020, 13:09:00, "...", 63.22319794
208, 04/02/2020, 13:10:00, "...", 63.21405792
207, 04/02/2020, 13:11:00, "...", 63.24929047
206, 04/02/2020, 13:12:00, "...", 63.21880341
205, 04/02/2020, 13:13:00, "...", 63.17396164
204, 04/02/2020, 13:14:00, "...", 63.19575119
203, 04/02/2020, 13:15:00, "...", 63.23434067
202, 04/02/2020, 13:16:00, "...", 63.18547058
201, 04/02/2020, 13:17:00, "...", 63.23339081
200, 04/02/2020, 13:18:00, "...", 63.22416306
199, 04/02/2020, 13:19:00, "...", 62.87651443
198, 04/02/2020, 13:20:00, "...", 62.90550232
197, 04/02/2020, 13:21:00, "...", 62.89397812
196, 04/02/2020, 13:22:00, "...", 62.88720322
195, 04/02/2020, 13:23:00, "...", 62.91371918
194, 04/02/2020, 13:24:00, "...", 62.93827057
193, 04/02/2020, 13:25:00, "...", 62.9323082
192, 04/02/2020, 13:26:00, "...", 62.96784973
191, 04/02/2020, 13:27:00, "...", 62.98944473
190, 04/02/2020, 13:28:00, "...", 63.04195023
189, 04/02/2020, 13:29:00, "...", 63.01594543
188, 04/02/2020, 13:30:00, "...", 62.99116898
187, 04/02/2020, 13:31:00, "...", 63.07150269
186, 04/02/2020, 13:32:00, "...", 63.0896225
185, 04/02/2020, 13:33:00, "...", 63.14453125
184, 04/02/2020, 13:34:00, "...", 63.13847351
183, 04/02/2020, 13:35:00, "...", 60.8619957
182, 04/02/2020, 13:36:00, "...", 60.02273941
181, 04/02/2020, 13:37:00, "...", 59.97833252
180, 04/02/2020, 13:38:00, "...", 59.98117828
179, 04/02/2020, 13:39:00, "...", 59.98469543
178, 04/02/2020, 13:40:00, "...", 59.96747208
177, 04/02/2020, 13:41:00, "...", 60
176, 04/02/2020, 13:42:00, "...", 60
175, 04/02/2020, 13:43:00, "...", 60
174, 04/02/2020, 13:44:00, "...", 60
173, 04/02/2020, 13:45:00, "...", 60
172, 04/02/2020, 13:46:00, "...", 60
171, 04/02/2020, 13:47:00, "...", 60
170, 04/02/2020, 13:48:00, "...", 60
169, 04/02/2020, 13:49:00, "...", 60
168, 04/02/2020, 13:50:00, "...", 60
167, 04/02/2020, 13:51:00, "...", 60
166, 04/02/2020, 13:52:00, "...", 60
165, 04/02/2020, 13:53:00, "...", 60
164, 04/02/2020, 13:54:00, "...", 60
163, 04/02/2020, 13:55:00, "...", 60
162, 04/02/2020, 13:56:00, "...", 60
161, 04/02/2020, 13:57:00, "...", 60
160, 04/02/2020, 13:58:00, "...", 60
159, 04/02/2020, 13:59:00, "...", 60
158, 04/02/2020, 14:00:00, "...", 60
157, 04/02/2020, 14:01:00, "...", 60
156, 04/02/2020, 14:02:00, "...", 60
155, 04/02/2020, 14:03:00, "...", 60
154, 04/02/2020, 14:04:00, "...", 60
153, 04/02/2020, 14:05:00, "(2)", 0
152, 04/17/2020, 08:02:00, "(2;3)", 60
151, 04/17/2020, 08:03:00, "...", 60
150, 04/17/2020, 08:04:00, "...", 60
149, 04/17/2020, 08:05:00, "...", 60
148, 04/17/2020, 08:06:00, "...", 60
147, 04/17/2020, 08:07:00, "...", 60
146, 04/17/2020, 08:08:00, "(2;3)", 60
145, 04/17/2020, 08:09:00, "...", 60
144, 04/17/2020, 08:10:00, "...", 60
143, 04/17/2020, 08:11:00, "...", 60
142, 04/17/2020, 08:12:00, "(2;3)", 60
141, 04/17/2020, 08:13:00, "...", 60
140, 04/17/2020, 08:14:00, "...", 60
139, 04/17/2020, 08:15:00, "...", 60
138, 04/17/2020, 08:16:00, "...", 60
137, 04/17/2020, 08:17:00, "...", 60
136, 04/17/2020, 08:18:00, "...", 60
135, 04/17/2020, 08:19:00, "...", 60
134, 04/17/2020, 08:20:00, "...", 60
133, 04/17/2020, 08:21:00, "...", 60
132, 04/17/2020, 08:22:00, "...", 60
131, 04/17/2020, 08:23:00, "...", 60
130, 04/17/2020, 08:24:00, "(2)", 0
129, 04/17/2020, 08:25:00, "(2;3)", 60
128, 04/17/2020, 08:26:00, "...", 60
127, 04/17/2020, 08:27:00, "...", 60
126, 04/17/2020, 08:28:00, "...", 60
125, 04/17/2020, 08:29:00, "...", 60
124, 04/17/2020, 08:30:00, "...", 60
123, 04/17/2020, 08:31:00, "...", 60
122, 04/17/2020, 08:32:00, "...", 60
121, 04/17/2020, 08:33:00, "...", 60
120, 04/17/2020, 08:34:00, "...", 60
119, 04/17/2020, 08:35:00, "...", 60
118, 04/17/2020, 08:36:00, "...", 60
117, 04/17/2020, 08:37:00, "...", 60
116, 04/17/2020, 08:38:00, "...", 60
115, 04/17/2020, 08:39:00, "...", 60
114, 04/17/2020, 08:40:00, "...", 60
113, 04/17/2020, 08:41:00, "...", 60
112, 04/17/2020, 08:42:00, "...", 60
111, 04/17/2020, 08:43:00, "...", 60
110, 04/17/2020, 08:44:00, "...", 60
109, 04/17/2020, 08:45:00, "...", 60
108, 04/17/2020, 08:46:00, "(2;3)", 60
107, 04/17/2020, 08:47:00, "...", 60
106, 04/17/2020, 08:48:00, "...", 60
105, 04/17/2020, 08:49:00, "...", 60
104, 04/17/2020, 08:50:00, "...", 60
103, 04/17/2020, 08:51:00, "...", 60
102, 04/17/2020, 08:52:00, "...", 60
101, 04/17/2020, 08:53:00, "...", 60
100, 04/17/2020, 08:54:00, "...", 60
99, 04/17/2020, 08:55:00, "...", 60
98, 04/17/2020, 08:56:00, "(2;3)", 60
97, 04/17/2020, 08:57:00, "...", 60
96, 04/17/2020, 08:58:00, "...", 60
95, 04/17/2020, 08:59:00, "...", 60
94, 04/17/2020, 09:00:00, "...", 60
93, 04/17/2020, 09:01:00, "...", 60
92, 04/17/2020, 09:02:00, "...", 60
91, 04/17/2020, 09:03:00, "...", 60
90, 04/17/2020, 09:04:00, "...", 60
89, 04/17/2020, 09:05:00, "...", 60
88, 04/17/2020, 09:06:00, "...", 60
87, 04/17/2020, 09:07:00, "...", 60
86, 04/17/2020, 09:08:00, "...", 60
85, 04/17/2020, 09:09:00, "...", 60
84, 04/17/2020, 09:10:00, "...", 60
83, 04/17/2020, 09:11:00, "...", 60
82, 04/17/2020, 09:12:00, "...", 60
81, 04/17/2020, 09:13:00, "...", 60
80, 04/17/2020, 09:14:00, "...", 60
79, 04/17/2020, 09:15:00, "...", 60
78, 04/17/2020, 09:16:00, "...", 60
77, 04/17/2020, 09:17:00, "...", 60
76, 04/17/2020, 09:18:00, "...", 60
75, 04/17/2020, 09:19:00, "...", 60
74, 04/17/2020, 09:20:00, "...", 60
73, 04/17/2020, 09:21:00, "...", 60
72, 04/17/2020, 09:22:00, "...", 60
71, 04/17/2020, 09:23:00, "...", 60
70, 04/17/2020, 09:24:00, "...", 60
69, 04/17/2020, 09:25:00, "...", 60
68, 04/17/2020, 09:26:00, "...", 60
67, 04/17/2020, 09:27:00, "...", 60
66, 04/17/2020, 09:28:00, "...", 60
65, 04/17/2020, 09:29:00, "...", 60
64, 04/17/2020, 09:30:00, "...", 60
63, 04/17/2020, 09:31:00, "...", 60
62, 04/17/2020, 09:32:00, "...", 60
61, 04/17/2020, 09:33:00, "...", 60
60, 04/17/2020, 09:34:00, "...", 60
59, 04/17/2020, 09:35:00, "...", 60
58, 04/17/2020, 09:36:00, "...", 60
57, 04/17/2020, 09:37:00, "...", 60
56, 04/17/2020, 09:38:00, "...", 60
55, 04/17/2020, 09:39:00, "...", 60
54, 04/17/2020, 09:40:00, "...", 60
53, 04/17/2020, 09:41:00, "...", 60
52, 04/17/2020, 09:42:00, "...", 60
51, 04/17/2020, 09:43:00, "...", 60
50, 04/17/2020, 09:44:00, "...", 60
49, 04/17/2020, 09:45:00, "...", 60
48, 04/17/2020, 09:46:00, "...", 60
47, 04/17/2020, 09:47:00, "...", 60
46, 04/17/2020, 09:48:00, "...", 60
45, 04/17/2020, 09:49:00, "...", 60
44, 04/17/2020, 09:50:00, "...", 60
43, 04/17/2020, 09:51:00, "...", 60
42, 04/17/2020, 09:52:00, "...", 60
41, 04/17/2020, 09:53:00, "...", 60
40, 04/17/2020, 09:54:00, "...", 60
39, 04/17/2020, 09:55:00, "...", 60
38, 04/17/2020, 09:56:00, "...", 60
37, 04/17/2020, 09:57:00, "...", 60
36, 04/17/2020, 09:58:00, "...", 60
35, 04/17/2020, 09:59:00, "...", 60
34, 04/17/2020, 10:00:00, "...", 60
33, 04/17/2020, 10:01:00, "...", 60
32, 04/17/2020, 10:02:00, "...", 60
31, 04/17/2020, 10:03:00, "...", 60
30, 04/17/2020, 10:04:00, "...", 60
29, 04/17/2020, 10:05:00, "...", 60
28, 04/17/2020, 10:06:00, "...", 60
27, 04/17/2020, 10:07:00, "...", 60
26, 04/17/2020, 10:08:00, "...", 60
25, 04/17/2020, 10:09:00, "...", 60
24, 04/17/2020, 10:10:00, "...", 60
23, 04/17/2020, 10:11:00, "...", 60
22, 04/17/2020, 10:12:00, "...", 60
21, 04/17/2020, 10:13:00, "...", 60
20, 04/17/2020, 10:14:00, "...", 60
19, 04/17/2020, 10:15:00, "...", 60
18, 04/17/2020, 10:16:00, "...", 60
17, 04/17/2020, 10:17:00, "...", 60
16, 04/17/2020, 10:18:00, "...", 60
15, 04/17/2020, 10:19:00, "...", 60
14, 04/17/2020, 10:20:00, "...", 60
13, 04/17/2020, 10:21:00, "...", 60
12, 04/17/2020, 10:22:00, "...", 60
11, 04/17/2020, 10:23:00, "...", 60
10, 04/17/2020, 10:24:00, "...", 60
9, 04/17/2020, 10:25:00, "...", 60
8, 04/17/2020, 10:26:00, "...", 60
7, 04/17/2020, 10:27:00, "...", 60
6, 04/17/2020, 10:28:00, "...", 60
5, 04/17/2020, 10:29:00, "...", 60
4, 04/17/2020, 10:30:00, "...", 60
3, 04/17/2020, 10:31:00, "...", 60
2, 04/17/2020, 10:32:00, "...", 60
1, 04/17/2020, 10:33:00, "(2)", 0
