FileType, Version, Date, Time, ChartField, TimeSource, Recorder, Scale, Units, ChartSubType, BaseScaling
LDP, 1, 05/22/2020, 12:58:38, Record, Internal, 2, Unity, Primary, Unknown, Primary
RecNum, Date, Time, Phase, Status
-1, 1, 2, -1, 3
"PFT3", "PFTA", "PFTB", "PFTC", "LDPFT3"
4, 5, 6, 7, 8
DeviceID, FID, TID, Form, CTR, CTRN, PTR, LDAR
"EPSOL01", "SEL-735-R203-V0-Z101100-D20190828", "STATION A", 9, 200, 200, 1, 300
ChannelName, ChannelFunction, ChannelUnits, ChannelRule, ChannelMult, ChannelRollover, ChannelScale
"PFT3", AVG, "NA", "1", 1, 999999999, 1
"PFTA", AVG, "NA", "1", 1, 999999999, 1
"PFTB", AVG, "NA", "1", 1, 999999999, 1
"PFTC", AVG, "NA", "1", 1, 999999999, 1
"LDPFT3", AVG, "NA", "1", 1, 999999999, 1
EventDate, EventTime, EventCode, EventDescription
12/23/2019, 08:56:39.717, X0002, "Power loss"
02/10/2020, 09:28:57.906, X0001, "Power restored"
02/10/2020, 09:51:13.189, X2048, "SALARM, Assert"
02/10/2020, 09:51:14.189, X1048, "SALARM, Deassert"
02/10/2020, 09:52:41.064, X0000, "Device settings changed"
02/10/2020, 09:52:41.389, X2048, "SALARM, Assert"
02/10/2020, 09:52:42.389, X1048, "SALARM, Deassert"
02/10/2020, 10:09:41.556, X2048, "SALARM, Assert"
02/10/2020, 10:09:42.556, X1048, "SALARM, Deassert"
02/10/2020, 10:10:12.681, X0000, "Device settings changed"
02/10/2020, 10:10:12.681, X0002, "Power loss"
02/10/2020, 10:10:16.953, X0001, "Power restored"
02/10/2020, 10:38:15.420, X2048, "SALARM, Assert"
02/10/2020, 10:38:16.420, X1048, "SALARM, Deassert"
02/10/2020, 10:38:21.011, X0000, "Device settings changed"
02/10/2020, 10:38:21.303, X2048, "SALARM, Assert"
02/10/2020, 10:38:22.303, X1048, "SALARM, Deassert"
02/10/2020, 10:46:30.136, X2048, "SALARM, Assert"
02/10/2020, 10:46:31.136, X1048, "SALARM, Deassert"
02/10/2020, 10:48:27.320, X0000, "Device settings changed"
02/10/2020, 10:48:27.686, X2048, "SALARM, Assert"
02/10/2020, 10:48:28.686, X1048, "SALARM, Deassert"
02/10/2020, 11:18:17.353, X2048, "SALARM, Assert"
02/10/2020, 11:18:18.353, X1048, "SALARM, Deassert"
02/10/2020, 11:18:23.144, X0000, "Device settings changed"
02/10/2020, 11:18:23.478, X2048, "SALARM, Assert"
02/10/2020, 11:18:24.478, X1048, "SALARM, Deassert"
02/10/2020, 12:39:03.202, X0002, "Power loss"
02/11/2020, 07:41:22.865, X0001, "Power restored"
02/11/2020, 09:28:12.115, X0002, "Power loss"
02/11/2020, 09:28:22.373, X0001, "Power restored"
02/11/2020, 10:53:36.223, X0002, "Power loss"
02/12/2020, 11:01:46.573, X0001, "Power restored"
02/12/2020, 13:52:00.223, X0002, "Power loss"
02/13/2020, 09:01:16.079, X0001, "Power restored"
02/13/2020, 11:08:38.645, X2048, "SALARM, Assert"
02/13/2020, 11:08:39.645, X1048, "SALARM, Deassert"
02/13/2020, 11:10:00.528, X0000, "Device settings changed"
02/13/2020, 11:10:02.245, X2048, "SALARM, Assert"
02/13/2020, 11:10:03.245, X1048, "SALARM, Deassert"
02/13/2020, 11:10:09.128, X0002, "Power loss"
02/13/2020, 11:10:11.522, X0001, "Power restored"
02/13/2020, 12:33:42.164, X0002, "Power loss"
02/18/2020, 08:17:02.517, X0001, "Power restored"
02/18/2020, 08:33:04.975, X2048, "SALARM, Assert"
02/18/2020, 08:33:05.975, X1048, "SALARM, Deassert"
02/18/2020, 08:33:09.783, X0000, "Device settings changed"
02/18/2020, 08:33:10.100, X2048, "SALARM, Assert"
02/18/2020, 08:33:11.100, X1048, "SALARM, Deassert"
02/18/2020, 08:33:18.850, X0000, "Device settings changed"
02/18/2020, 08:33:18.850, X2048, "SALARM, Assert"
02/18/2020, 08:33:19.850, X1048, "SALARM, Deassert"
02/18/2020, 08:45:13.548, X0002, "Power loss"
02/18/2020, 08:45:17.306, X0001, "Power restored"
02/18/2020, 08:45:17.356, X0002, "Power loss"
02/18/2020, 08:45:27.322, X0001, "Power restored"
02/18/2020, 09:07:58.180, X2048, "SALARM, Assert"
02/18/2020, 09:07:59.180, X1048, "SALARM, Deassert"
02/18/2020, 09:08:03.797, X0000, "Device settings changed"
02/18/2020, 09:08:04.072, X2048, "SALARM, Assert"
02/18/2020, 09:08:05.072, X1048, "SALARM, Deassert"
02/18/2020, 09:17:14.430, X2048, "SALARM, Assert"
02/18/2020, 09:17:15.430, X1048, "SALARM, Deassert"
02/18/2020, 09:17:39.213, X0000, "Device settings changed"
02/18/2020, 09:17:40.897, X2048, "SALARM, Assert"
02/18/2020, 09:17:41.897, X1048, "SALARM, Deassert"
02/18/2020, 09:17:45.163, X0002, "Power loss"
02/18/2020, 09:17:50.177, X0001, "Power restored"
02/18/2020, 09:18:06.894, X2048, "SALARM, Assert"
02/18/2020, 09:18:07.894, X1048, "SALARM, Deassert"
02/18/2020, 09:18:35.477, X2048, "SALARM, Assert"
02/18/2020, 09:18:36.477, X1048, "SALARM, Deassert"
02/18/2020, 09:24:59.511, X2048, "SALARM, Assert"
02/18/2020, 09:25:00.511, X1048, "SALARM, Deassert"
02/18/2020, 09:25:17.511, X0000, "Device settings changed"
02/18/2020, 09:25:17.511, X2048, "SALARM, Assert"
02/18/2020, 09:25:18.511, X1048, "SALARM, Deassert"
02/18/2020, 09:26:32.644, X2048, "SALARM, Assert"
02/18/2020, 09:26:33.644, X1048, "SALARM, Deassert"
02/18/2020, 09:26:37.461, X0000, "Device settings changed"
02/18/2020, 09:26:37.744, X2048, "SALARM, Assert"
02/18/2020, 09:26:38.744, X1048, "SALARM, Deassert"
02/18/2020, 09:26:46.936, X0000, "Device settings changed"
02/18/2020, 09:26:46.936, X2048, "SALARM, Assert"
02/18/2020, 09:26:47.936, X1048, "SALARM, Deassert"
02/18/2020, 09:35:39.511, X2048, "SALARM, Assert"
02/18/2020, 09:35:40.511, X1048, "SALARM, Deassert"
02/18/2020, 09:35:44.369, X0000, "Device settings changed"
02/18/2020, 09:35:44.702, X2048, "SALARM, Assert"
02/18/2020, 09:35:45.702, X1048, "SALARM, Deassert"
02/18/2020, 09:35:53.244, X0000, "Device settings changed"
02/18/2020, 09:35:53.244, X2048, "SALARM, Assert"
02/18/2020, 09:35:54.244, X1048, "SALARM, Deassert"
02/18/2020, 09:41:00.961, X2048, "SALARM, Assert"
02/18/2020, 09:41:01.961, X1048, "SALARM, Deassert"
02/18/2020, 09:41:06.077, X0000, "Device settings changed"
02/18/2020, 09:41:06.461, X2048, "SALARM, Assert"
02/18/2020, 09:41:07.461, X1048, "SALARM, Deassert"
02/18/2020, 09:46:09.827, X2048, "SALARM, Assert"
02/18/2020, 09:46:10.827, X1048, "SALARM, Deassert"
02/18/2020, 09:46:17.477, X0000, "Device settings changed"
02/18/2020, 09:46:17.769, X2048, "SALARM, Assert"
02/18/2020, 09:46:18.769, X1048, "SALARM, Deassert"
02/18/2020, 10:10:01.227, X2048, "SALARM, Assert"
02/18/2020, 10:10:02.227, X1048, "SALARM, Deassert"
02/18/2020, 10:10:05.977, X0000, "Device settings changed"
02/18/2020, 10:10:06.319, X2048, "SALARM, Assert"
02/18/2020, 10:10:07.319, X1048, "SALARM, Deassert"
02/18/2020, 10:10:14.769, X0000, "Device settings changed"
02/18/2020, 10:10:14.769, X2048, "SALARM, Assert"
02/18/2020, 10:10:15.769, X1048, "SALARM, Deassert"
02/18/2020, 10:13:47.969, X2048, "SALARM, Assert"
02/18/2020, 10:13:48.969, X1048, "SALARM, Deassert"
02/18/2020, 10:13:52.844, X0000, "Device settings changed"
02/18/2020, 10:13:53.144, X2048, "SALARM, Assert"
02/18/2020, 10:13:54.144, X1048, "SALARM, Deassert"
02/18/2020, 10:14:02.702, X0000, "Device settings changed"
02/18/2020, 10:14:02.702, X2048, "SALARM, Assert"
02/18/2020, 10:14:03.702, X1048, "SALARM, Deassert"
02/18/2020, 12:32:03.227, X0002, "Power loss"
02/28/2020, 12:20:10.513, X0001, "Power restored"
02/28/2020, 14:11:03.162, X0002, "Power loss"
03/02/2020, 11:53:31.878, X0001, "Power restored"
03/02/2020, 12:09:51.661, X0002, "Power loss"
03/02/2020, 12:12:27.150, X0001, "Power restored"
03/02/2020, 12:40:21.199, X0002, "Power loss"
03/02/2020, 12:47:43.446, X0001, "Power restored"
03/02/2020, 12:49:41.580, X2048, "SALARM, Assert"
03/02/2020, 12:49:42.580, X1048, "SALARM, Deassert"
03/02/2020, 14:05:39.088, X0002, "Power loss"
03/06/2020, 09:19:01.516, X0001, "Power restored"
03/06/2020, 10:32:19.841, X2048, "SALARM, Assert"
03/06/2020, 10:32:20.841, X1048, "SALARM, Deassert"
03/06/2020, 10:32:24.616, X0000, "Device settings changed"
03/06/2020, 10:32:24.633, X2048, "SALARM, Assert"
03/06/2020, 10:32:25.633, X1048, "SALARM, Deassert"
03/06/2020, 10:37:00.166, X0002, "Power loss"
03/06/2020, 10:37:13.589, X0001, "Power restored"
03/06/2020, 10:37:20.231, X0002, "Power loss"
03/06/2020, 10:44:54.936, X0001, "Power restored"
03/06/2020, 10:44:55.811, X0002, "Power loss"
03/06/2020, 10:45:07.952, X0001, "Power restored"
03/06/2020, 10:45:18.211, X2032, "SSI_EVE, Assert"
03/06/2020, 10:46:37.567, X2048, "SALARM, Assert"
03/06/2020, 10:46:38.566, X1048, "SALARM, Deassert"
03/06/2020, 10:47:26.083, X0002, "Power loss"
03/06/2020, 10:48:12.452, X0001, "Power restored"
03/06/2020, 10:48:22.719, X2032, "SSI_EVE, Assert"
03/06/2020, 11:04:17.622, X2048, "SALARM, Assert"
03/06/2020, 11:04:18.621, X1048, "SALARM, Deassert"
03/06/2020, 11:06:33.947, X2048, "SALARM, Assert"
03/06/2020, 11:06:34.947, X1048, "SALARM, Deassert"
03/06/2020, 11:16:57.480, X2048, "SALARM, Assert"
03/06/2020, 11:16:58.480, X1048, "SALARM, Deassert"
03/06/2020, 14:36:03.113, X0002, "Power loss"
03/09/2020, 14:54:15.248, X0001, "Power restored"
03/09/2020, 14:54:25.506, X2032, "SSI_EVE, Assert"
03/09/2020, 14:55:25.983, X0002, "Power loss"
03/09/2020, 14:55:29.114, X0001, "Power restored"
03/09/2020, 14:55:29.964, X0002, "Power loss"
03/09/2020, 14:55:34.846, X0001, "Power restored"
03/09/2020, 14:55:34.904, X0002, "Power loss"
03/09/2020, 14:56:09.495, X0001, "Power restored"
03/09/2020, 14:56:19.762, X2032, "SSI_EVE, Assert"
03/09/2020, 15:10:22.518, X0002, "Power loss"
03/09/2020, 15:12:11.469, X0001, "Power restored"
03/09/2020, 15:12:21.727, X2032, "SSI_EVE, Assert"
03/09/2020, 15:13:39.939, X2048, "SALARM, Assert"
03/09/2020, 15:13:40.939, X1048, "SALARM, Deassert"
03/09/2020, 15:23:13.338, X0002, "Power loss"
03/09/2020, 15:23:26.584, X0001, "Power restored"
03/09/2020, 15:23:36.842, X2032, "SSI_EVE, Assert"
03/09/2020, 15:31:31.918, X0002, "Power loss"
03/09/2020, 15:33:20.748, X0001, "Power restored"
03/09/2020, 15:33:31.007, X2032, "SSI_EVE, Assert"
03/09/2020, 15:39:42.080, X1032, "SSI_EVE, Deassert"
03/09/2020, 15:39:42.239, X2032, "SSI_EVE, Assert"
03/09/2020, 15:39:42.289, X1032, "SSI_EVE, Deassert"
03/09/2020, 15:39:42.297, X2032, "SSI_EVE, Assert"
03/09/2020, 15:39:42.305, X1032, "SSI_EVE, Deassert"
03/09/2020, 15:39:42.314, X2032, "SSI_EVE, Assert"
03/09/2020, 15:39:42.322, X1032, "SSI_EVE, Deassert"
03/09/2020, 15:39:42.330, X2032, "SSI_EVE, Assert"
03/09/2020, 15:39:42.339, X1032, "SSI_EVE, Deassert"
03/09/2020, 15:39:42.347, X2032, "SSI_EVE, Assert"
03/09/2020, 15:39:42.355, X1032, "SSI_EVE, Deassert"
03/09/2020, 15:39:42.364, X2032, "SSI_EVE, Assert"
03/09/2020, 15:39:42.372, X1032, "SSI_EVE, Deassert"
03/09/2020, 15:39:42.380, X2032, "SSI_EVE, Assert"
03/09/2020, 15:39:42.389, X1032, "SSI_EVE, Deassert"
03/09/2020, 15:39:42.397, X2032, "SSI_EVE, Assert"
03/09/2020, 15:39:42.405, X1032, "SSI_EVE, Deassert"
03/09/2020, 15:39:42.414, X2032, "SSI_EVE, Assert"
03/09/2020, 15:39:42.480, X0002, "Power loss"
03/09/2020, 15:39:57.752, X0001, "Power restored"
03/09/2020, 15:40:08.019, X2032, "SSI_EVE, Assert"
03/10/2020, 08:54:25.708, X2048, "SALARM, Assert"
03/10/2020, 08:54:26.708, X1048, "SALARM, Deassert"
03/11/2020, 11:21:27.661, X1032, "SSI_EVE, Deassert"
03/11/2020, 11:21:27.669, X2032, "SSI_EVE, Assert"
03/11/2020, 11:21:29.935, X1032, "SSI_EVE, Deassert"
03/11/2020, 11:21:29.943, X2032, "SSI_EVE, Assert"
03/11/2020, 11:21:29.951, X1032, "SSI_EVE, Deassert"
03/11/2020, 11:21:29.960, X2032, "SSI_EVE, Assert"
03/11/2020, 11:21:29.968, X1032, "SSI_EVE, Deassert"
03/11/2020, 11:21:29.976, X2032, "SSI_EVE, Assert"
03/11/2020, 11:21:30.351, X1032, "SSI_EVE, Deassert"
03/11/2020, 11:21:30.476, X0002, "Power loss"
03/11/2020, 11:23:30.309, X0001, "Power restored"
03/11/2020, 11:23:40.576, X2032, "SSI_EVE, Assert"
03/11/2020, 11:24:45.636, X1032, "SSI_EVE, Deassert"
03/11/2020, 11:24:45.644, X2032, "SSI_EVE, Assert"
03/11/2020, 11:24:45.652, X1032, "SSI_EVE, Deassert"
03/11/2020, 11:24:45.660, X2032, "SSI_EVE, Assert"
03/11/2020, 11:24:45.669, X1032, "SSI_EVE, Deassert"
03/11/2020, 11:24:45.677, X2032, "SSI_EVE, Assert"
03/11/2020, 11:24:45.685, X1032, "SSI_EVE, Deassert"
03/11/2020, 11:24:45.694, X2032, "SSI_EVE, Assert"
03/11/2020, 11:24:45.702, X1032, "SSI_EVE, Deassert"
03/11/2020, 11:24:45.710, X2032, "SSI_EVE, Assert"
03/11/2020, 11:24:45.719, X1032, "SSI_EVE, Deassert"
03/11/2020, 11:24:45.727, X2032, "SSI_EVE, Assert"
03/11/2020, 11:24:45.735, X1032, "SSI_EVE, Deassert"
03/11/2020, 11:24:45.744, X2032, "SSI_EVE, Assert"
03/11/2020, 11:24:45.752, X1032, "SSI_EVE, Deassert"
03/11/2020, 11:24:45.760, X2032, "SSI_EVE, Assert"
03/11/2020, 11:24:45.769, X1032, "SSI_EVE, Deassert"
03/11/2020, 11:24:45.777, X2032, "SSI_EVE, Assert"
03/11/2020, 11:24:45.785, X1032, "SSI_EVE, Deassert"
03/11/2020, 11:24:45.794, X2032, "SSI_EVE, Assert"
03/11/2020, 11:24:45.802, X1032, "SSI_EVE, Deassert"
03/11/2020, 11:24:45.810, X2032, "SSI_EVE, Assert"
03/11/2020, 11:24:45.819, X1032, "SSI_EVE, Deassert"
03/11/2020, 11:24:45.827, X2032, "SSI_EVE, Assert"
03/11/2020, 11:24:45.835, X1032, "SSI_EVE, Deassert"
03/11/2020, 11:24:45.844, X2032, "SSI_EVE, Assert"
03/11/2020, 11:24:45.852, X1032, "SSI_EVE, Deassert"
03/11/2020, 11:24:45.860, X2032, "SSI_EVE, Assert"
03/11/2020, 11:24:45.869, X1032, "SSI_EVE, Deassert"
03/11/2020, 11:24:45.877, X2032, "SSI_EVE, Assert"
03/11/2020, 11:24:45.877, X0002, "Power loss"
03/11/2020, 11:27:47.762, X0001, "Power restored"
03/11/2020, 11:27:58.028, X2032, "SSI_EVE, Assert"
03/11/2020, 11:30:50.606, X1032, "SSI_EVE, Deassert"
03/11/2020, 11:30:50.748, X0002, "Power loss"
03/11/2020, 13:26:34.314, X0001, "Power restored"
03/11/2020, 13:26:44.573, X2032, "SSI_EVE, Assert"
03/11/2020, 14:55:31.173, X0002, "Power loss"
03/11/2020, 14:55:35.691, X0001, "Power restored"
03/11/2020, 14:55:45.750, X2032, "SSI_EVE, Assert"
03/12/2020, 08:24:07.708, X0002, "Power loss"
03/12/2020, 10:11:23.922, X0001, "Power restored"
03/12/2020, 10:24:00.172, X0002, "Power loss"
03/31/2020, 07:17:58.290, X0001, "Power restored"
03/31/2020, 09:47:36.540, X2048, "SALARM, Assert"
03/31/2020, 09:47:37.540, X1048, "SALARM, Deassert"
03/31/2020, 09:47:47.773, X0000, "Device settings changed"
03/31/2020, 09:47:47.790, X2048, "SALARM, Assert"
03/31/2020, 09:47:48.790, X1048, "SALARM, Deassert"
03/31/2020, 10:26:41.540, X2048, "SALARM, Assert"
03/31/2020, 10:26:42.540, X1048, "SALARM, Deassert"
03/31/2020, 10:26:47.740, X0000, "Device settings changed"
03/31/2020, 10:26:48.190, X2048, "SALARM, Assert"
03/31/2020, 10:26:49.190, X1048, "SALARM, Deassert"
03/31/2020, 11:24:11.806, X0002, "Power loss"
03/31/2020, 11:52:29.879, X0001, "Power restored"
03/31/2020, 11:53:27.337, X2032, "SSI_EVE, Assert"
04/01/2020, 09:43:59.741, X2048, "SALARM, Assert"
04/01/2020, 09:44:00.741, X1048, "SALARM, Deassert"
04/01/2020, 09:44:04.667, X0000, "Device settings changed"
04/01/2020, 09:44:04.993, X2048, "SALARM, Assert"
04/01/2020, 09:44:05.993, X1048, "SALARM, Deassert"
04/01/2020, 11:38:13.287, X0002, "Power loss"
04/01/2020, 11:38:33.685, X0001, "Power restored"
04/01/2020, 11:38:43.743, X2032, "SSI_EVE, Assert"
04/01/2020, 12:27:21.472, X1032, "SSI_EVE, Deassert"
04/01/2020, 12:27:21.656, X2032, "SSI_EVE, Assert"
04/01/2020, 12:27:21.839, X1032, "SSI_EVE, Deassert"
04/01/2020, 12:27:21.939, X2032, "SSI_EVE, Assert"
04/01/2020, 12:27:22.406, X1032, "SSI_EVE, Deassert"
04/01/2020, 12:27:22.647, X2032, "SSI_EVE, Assert"
04/01/2020, 12:27:22.747, X1032, "SSI_EVE, Deassert"
04/01/2020, 12:27:22.922, X2032, "SSI_EVE, Assert"
04/01/2020, 12:27:22.964, X1032, "SSI_EVE, Deassert"
04/01/2020, 12:27:23.172, X2032, "SSI_EVE, Assert"
04/01/2020, 12:27:56.087, X1032, "SSI_EVE, Deassert"
04/01/2020, 13:21:24.921, X2032, "SSI_EVE, Assert"
04/01/2020, 13:21:25.046, X1032, "SSI_EVE, Deassert"
04/01/2020, 14:03:39.281, X0002, "Power loss"
04/02/2020, 09:48:56.061, X0001, "Power restored"
04/02/2020, 11:44:52.569, X0002, "Power loss"
04/02/2020, 12:03:50.887, X0001, "Power restored"
04/02/2020, 12:04:01.145, X2032, "SSI_EVE, Assert"
04/02/2020, 12:10:12.072, X2048, "SALARM, Assert"
04/02/2020, 12:10:13.036, X1048, "SALARM, Deassert"
04/02/2020, 12:10:47.575, X0000, "Device settings changed"
04/02/2020, 12:10:49.666, X2048, "SALARM, Assert"
04/02/2020, 12:10:50.628, X1048, "SALARM, Deassert"
04/02/2020, 12:10:50.628, X0002, "Power loss"
04/02/2020, 12:10:58.882, X0001, "Power restored"
04/02/2020, 12:11:19.198, X2032, "SSI_EVE, Assert"
04/02/2020, 12:11:36.189, X2048, "SALARM, Assert"
04/02/2020, 12:11:37.154, X1048, "SALARM, Deassert"
04/02/2020, 12:14:13.156, X1032, "SSI_EVE, Deassert"
04/02/2020, 12:14:13.164, X2032, "SSI_EVE, Assert"
04/02/2020, 12:16:06.620, X2048, "SALARM, Assert"
04/02/2020, 12:16:07.578, X1048, "SALARM, Deassert"
04/02/2020, 12:16:25.518, X0000, "Device settings changed"
04/02/2020, 12:16:25.814, X2048, "SALARM, Assert"
04/02/2020, 12:16:26.774, X1048, "SALARM, Deassert"
04/02/2020, 12:16:34.452, X0000, "Device settings changed"
04/02/2020, 12:16:34.820, X2048, "SALARM, Assert"
04/02/2020, 12:16:35.780, X1048, "SALARM, Deassert"
04/02/2020, 12:16:42.518, X0000, "Device settings changed"
04/02/2020, 12:16:42.837, X2048, "SALARM, Assert"
04/02/2020, 12:16:43.796, X1048, "SALARM, Deassert"
04/02/2020, 12:19:40.843, X2048, "SALARM, Assert"
04/02/2020, 12:19:41.800, X1048, "SALARM, Deassert"
04/02/2020, 12:22:31.051, X2048, "SALARM, Assert"
04/02/2020, 12:22:32.008, X1048, "SALARM, Deassert"
04/02/2020, 12:23:01.183, X0000, "Device settings changed"
04/02/2020, 12:23:03.195, X2048, "SALARM, Assert"
04/02/2020, 12:23:04.153, X1048, "SALARM, Deassert"
04/02/2020, 12:23:04.153, X0002, "Power loss"
04/02/2020, 12:23:12.476, X0001, "Power restored"
04/02/2020, 12:23:39.916, X2032, "SSI_EVE, Assert"
04/02/2020, 12:35:21.499, X2048, "SALARM, Assert"
04/02/2020, 12:35:22.454, X1048, "SALARM, Deassert"
04/02/2020, 12:35:27.491, X0000, "Device settings changed"
04/02/2020, 12:35:27.833, X2048, "SALARM, Assert"
04/02/2020, 12:35:28.788, X1048, "SALARM, Deassert"
04/02/2020, 14:04:17.998, X0002, "Power loss"
04/17/2020, 08:01:34.306, X0001, "Power restored"
04/17/2020, 08:05:59.389, X2048, "SALARM, Assert"
04/17/2020, 08:06:00.389, X1048, "SALARM, Deassert"
04/17/2020, 08:07:07.014, X0000, "Device settings changed"
04/17/2020, 08:07:07.014, X0002, "Power loss"
04/17/2020, 08:07:10.223, X0001, "Power restored"
04/17/2020, 08:11:20.981, X2048, "SALARM, Assert"
04/17/2020, 08:11:21.981, X1048, "SALARM, Deassert"
04/17/2020, 08:11:37.681, X0000, "Device settings changed"
04/17/2020, 08:11:37.681, X0002, "Power loss"
04/17/2020, 08:11:40.898, X0001, "Power restored"
04/17/2020, 08:23:04.631, X2048, "SALARM, Assert"
04/17/2020, 08:23:05.631, X1048, "SALARM, Deassert"
04/17/2020, 08:23:58.231, X0000, "Device settings changed"
04/17/2020, 08:23:58.231, X0002, "Power loss"
04/17/2020, 08:24:01.447, X0001, "Power restored"
04/17/2020, 08:43:00.647, X2048, "SALARM, Assert"
04/17/2020, 08:43:01.647, X1048, "SALARM, Deassert"
04/17/2020, 08:45:25.164, X0000, "Device settings changed"
04/17/2020, 08:45:25.164, X0002, "Power loss"
04/17/2020, 08:45:28.380, X0001, "Power restored"
04/17/2020, 08:54:39.830, X2048, "SALARM, Assert"
04/17/2020, 08:54:40.830, X1048, "SALARM, Deassert"
04/17/2020, 08:54:53.763, X0000, "Device settings changed"
04/17/2020, 08:55:00.246, X0002, "Power loss"
04/17/2020, 08:55:02.971, X0001, "Power restored"
04/17/2020, 09:22:19.888, X2048, "SALARM, Assert"
04/17/2020, 09:22:20.888, X1048, "SALARM, Deassert"
04/17/2020, 09:24:51.055, X0000, "Device settings changed"
04/17/2020, 09:24:51.288, X2048, "SALARM, Assert"
04/17/2020, 09:24:52.288, X1048, "SALARM, Deassert"
04/17/2020, 10:32:40.504, X0002, "Power loss"
05/12/2020, 19:43:53.560, X0001, "Power restored"
05/13/2020, 18:32:14.629, X2048, "SALARM, Assert"
05/13/2020, 18:32:15.629, X1048, "SALARM, Deassert"
05/13/2020, 18:48:28.429, X2048, "SALARM, Assert"
05/13/2020, 18:48:29.429, X1048, "SALARM, Deassert"
05/13/2020, 18:48:48.670, X0000, "Device settings changed"
05/13/2020, 18:48:48.670, X0002, "Power loss"
05/13/2020, 18:48:58.879, X0001, "Power restored"
05/13/2020, 18:51:00.604, X2048, "SALARM, Assert"
05/13/2020, 18:51:01.604, X1048, "SALARM, Deassert"
05/13/2020, 18:54:16.387, X2048, "SALARM, Assert"
05/13/2020, 18:54:17.387, X1048, "SALARM, Deassert"
05/13/2020, 18:58:53.862, X2048, "SALARM, Assert"
05/13/2020, 18:58:54.862, X1048, "SALARM, Deassert"
05/13/2020, 19:00:19.946, X2048, "SALARM, Assert"
05/13/2020, 19:00:20.946, X1048, "SALARM, Deassert"
05/13/2020, 19:01:16.654, X2048, "SALARM, Assert"
05/13/2020, 19:01:17.654, X1048, "SALARM, Deassert"
05/13/2020, 19:04:08.979, X2048, "SALARM, Assert"
05/13/2020, 19:04:09.979, X1048, "SALARM, Deassert"
05/13/2020, 19:08:28.062, X2048, "SALARM, Assert"
05/13/2020, 19:08:29.062, X1048, "SALARM, Deassert"
05/13/2020, 19:08:39.162, X0000, "Device settings changed"
05/13/2020, 19:08:39.162, X0002, "Power loss"
05/13/2020, 19:08:48.377, X0001, "Power restored"
05/13/2020, 19:16:42.510, X2048, "SALARM, Assert"
05/13/2020, 19:16:43.510, X1048, "SALARM, Deassert"
05/13/2020, 19:20:41.151, X2048, "SALARM, Assert"
05/13/2020, 19:20:42.151, X1048, "SALARM, Deassert"
05/13/2020, 19:29:23.126, X2048, "SALARM, Assert"
05/13/2020, 19:29:24.126, X1048, "SALARM, Deassert"
05/13/2020, 19:29:38.760, X2048, "SALARM, Assert"
05/13/2020, 19:29:39.760, X1048, "SALARM, Deassert"
05/13/2020, 19:30:32.943, X2048, "SALARM, Assert"
05/13/2020, 19:30:33.943, X1048, "SALARM, Deassert"
05/13/2020, 19:31:19.343, X2048, "SALARM, Assert"
05/13/2020, 19:31:20.343, X1048, "SALARM, Deassert"
05/13/2020, 19:31:44.026, X2048, "SALARM, Assert"
05/13/2020, 19:31:45.026, X1048, "SALARM, Deassert"
05/13/2020, 19:31:53.426, X2048, "SALARM, Assert"
05/13/2020, 19:31:54.426, X1048, "SALARM, Deassert"
05/13/2020, 19:32:35.226, X2048, "SALARM, Assert"
05/13/2020, 19:32:36.226, X1048, "SALARM, Deassert"
05/13/2020, 19:32:55.343, X2048, "SALARM, Assert"
05/13/2020, 19:32:56.343, X1048, "SALARM, Deassert"
05/13/2020, 19:34:08.326, X2048, "SALARM, Assert"
05/13/2020, 19:34:09.326, X1048, "SALARM, Deassert"
05/13/2020, 19:34:29.118, X2048, "SALARM, Assert"
05/13/2020, 19:34:30.118, X1048, "SALARM, Deassert"
05/13/2020, 19:34:33.360, X2048, "SALARM, Assert"
05/13/2020, 19:34:34.360, X1048, "SALARM, Deassert"
05/13/2020, 19:35:39.718, X2048, "SALARM, Assert"
05/13/2020, 19:35:40.718, X1048, "SALARM, Deassert"
05/13/2020, 19:37:37.101, X2048, "SALARM, Assert"
05/13/2020, 19:37:38.101, X1048, "SALARM, Deassert"
05/13/2020, 19:37:52.501, X2048, "SALARM, Assert"
05/13/2020, 19:37:53.501, X1048, "SALARM, Deassert"
05/14/2020, 20:38:43.487, X2048, "SALARM, Assert"
05/14/2020, 20:38:44.487, X1048, "SALARM, Deassert"
05/14/2020, 20:39:23.504, X2048, "SALARM, Assert"
05/14/2020, 20:39:24.504, X1048, "SALARM, Deassert"
05/15/2020, 12:38:29.349, X2048, "SALARM, Assert"
05/15/2020, 12:38:30.349, X1048, "SALARM, Deassert"
05/15/2020, 12:38:56.016, X2048, "SALARM, Assert"
05/15/2020, 12:38:57.016, X1048, "SALARM, Deassert"
05/15/2020, 12:39:06.616, X2048, "SALARM, Assert"
05/15/2020, 12:39:07.616, X1048, "SALARM, Deassert"
05/15/2020, 12:40:00.649, X2048, "SALARM, Assert"
05/15/2020, 12:40:01.649, X1048, "SALARM, Deassert"
05/15/2020, 12:42:48.666, X2048, "SALARM, Assert"
05/15/2020, 12:42:49.666, X1048, "SALARM, Deassert"
05/20/2020, 11:53:17.650, X2048, "SALARM, Assert"
05/20/2020, 11:53:18.650, X1048, "SALARM, Deassert"
05/20/2020, 11:53:31.692, X2048, "SALARM, Assert"
05/20/2020, 11:53:32.692, X1048, "SALARM, Deassert"
05/20/2020, 12:02:20.250, X2048, "SALARM, Assert"
05/20/2020, 12:02:21.250, X1048, "SALARM, Deassert"
05/20/2020, 15:04:00.008, X0003, "Time change (manual set occurred)"
05/20/2020, 15:06:04.483, X2048, "SALARM, Assert"
05/20/2020, 15:06:05.483, X1048, "SALARM, Deassert"
05/20/2020, 15:06:08.075, X2048, "SALARM, Assert"
05/20/2020, 15:06:09.075, X1048, "SALARM, Deassert"
05/20/2020, 15:13:11.633, X2048, "SALARM, Assert"
05/20/2020, 15:13:12.633, X1048, "SALARM, Deassert"
05/22/2020, 06:35:28.989, X0002, "Power loss"
05/22/2020, 06:35:39.325, X0001, "Power restored"
Record, Date, Time, Status, "PFT3", "PFTA", "PFTB", "PFTC", "LDPFT3"
249, 04/01/2020, 00:05:00, "...", 0.8794533, 0.8794533, 1, 1, 0
248, 04/01/2020, 00:10:00, "...", 0.88011801, 0.88011801, 1, 1, 0
247, 04/01/2020, 00:15:00, "...", 0.87851262, 0.87851262, 1, 1, 0
246, 04/01/2020, 00:20:00, "...", 0.99947327, 0.99947327, 1, 1, 0.9960053
245, 04/01/2020, 00:25:00, "...", 1, 1, 1, 1, 1
244, 04/01/2020, 00:30:00, "...", 1, 1, 1, 1, 1
243, 04/01/2020, 00:35:00, "...", 1, 1, 1, 1, 1
242, 04/01/2020, 00:40:00, "...", 1, 1, 1, 1, 1
241, 04/01/2020, 00:45:00, "...", 0.89921123, 0.89921123, 1, 1, 0.14590274
240, 04/01/2020, 00:50:00, "...", 0.87968296, 0.87968296, 1, 1, 0
239, 04/01/2020, 00:55:00, "...", 0.87939942, 0.87939942, 1, 1, 0
238, 04/01/2020, 01:00:00, "...", 0.97770888, 0.97770888, 1, 1, 0.8189081
237, 04/01/2020, 01:05:00, "...", 1, 1, 1, 1, 1
236, 04/01/2020, 01:10:00, "...", 1, 1, 1, 1, 1
235, 04/01/2020, 01:15:00, "...", 1, 1, 1, 1, 1
234, 04/01/2020, 01:20:00, "...", 1, 1, 1, 1, 1
233, 04/01/2020, 01:25:00, "...", 0.93052834, 0.93052834, 1, 1, 0.40013316
232, 04/01/2020, 01:30:00, "...", 0.88168162, 0.88168162, 1, 1, 0
231, 04/01/2020, 01:35:00, "...", 0.88000858, 0.88000858, 1, 1, 0
230, 04/01/2020, 01:40:00, "...", 0.94909191, 0.94909191, 1, 1, 0.58133334
229, 04/01/2020, 01:45:00, "...", 1, 1, 1, 1, 1
228, 04/01/2020, 01:50:00, "...", 1, 1, 1, 1, 1
227, 04/01/2020, 01:55:00, "...", 1, 1, 1, 1, 1
226, 04/01/2020, 02:00:00, "...", 1, 1, 1, 1, 1
225, 04/01/2020, 02:05:00, "...", 0.97213137, 0.97213137, 1, 1, 0.74017322
224, 04/01/2020, 02:10:00, "...", 0.88247085, 0.88247085, 1, 1, 0
223, 04/01/2020, 02:15:00, "...", 0.88073277, 0.88073277, 1, 1, 0
222, 04/01/2020, 02:20:00, "...", 0.91312009, 0.91312009, 1, 1, 0.27230358
221, 04/01/2020, 02:25:00, "...", 1, 1, 1, 1, 1
220, 04/01/2020, 02:30:00, "...", 1, 1, 1, 1, 1
219, 04/01/2020, 02:35:00, "...", 1, 1, 1, 1, 1
218, 04/01/2020, 02:40:00, "...", 1, 1, 1, 1, 1
217, 04/01/2020, 02:45:00, "...", 1, 1, 1, 1, 1
216, 04/01/2020, 02:50:00, "...", 0.89561087, 0.89561087, 1, 1, 0.0946036
215, 04/01/2020, 02:55:00, "...", 0.88157403, 0.88157403, 1, 1, 0
214, 04/01/2020, 03:00:00, "...", 0.8803829, 0.8803829, 1, 1, 0
213, 04/01/2020, 03:05:00, "...", 0.99375683, 0.99375683, 1, 1, 0.95069951
212, 04/01/2020, 03:10:00, "...", 1, 1, 1, 1, 1
211, 04/01/2020, 03:15:00, "...", 1, 1, 1, 1, 1
210, 04/01/2020, 03:20:00, "...", 1, 1, 1, 1, 1
209, 04/01/2020, 03:25:00, "...", 1, 1, 1, 1, 1
208, 04/01/2020, 03:30:00, "...", 0.94254291, 0.94254291, 1, 1, 0.49633577
207, 04/01/2020, 03:35:00, "...", 0.88286215, 0.88286215, 1, 1, 0
206, 04/01/2020, 03:40:00, "...", 0.88247412, 0.88247412, 1, 1, 0
205, 04/01/2020, 03:45:00, "...", 0.94731599, 0.94731599, 1, 1, 0.55992013
204, 04/01/2020, 03:50:00, "...", 1, 1, 1, 1, 1
203, 04/01/2020, 03:55:00, "...", 1, 1, 1, 1, 1
202, 04/01/2020, 04:00:00, "...", 1, 1, 1, 1, 1
201, 04/01/2020, 04:05:00, "...", 1, 1, 1, 1, 1
200, 04/01/2020, 04:10:00, "...", 0.99539769, 0.99539769, 1, 1, 0.95269823
199, 04/01/2020, 04:15:00, "...", 0.88332361, 0.88332361, 1, 1, 0
198, 04/01/2020, 04:20:00, "...", 0.88208264, 0.88208264, 1, 1, 0
197, 04/01/2020, 04:25:00, "...", 0.89888418, 0.89888418, 1, 1, 0.15845539
196, 04/01/2020, 04:30:00, "...", 1, 1, 1, 1, 1
195, 04/01/2020, 04:35:00, "...", 1, 1, 1, 1, 1
194, 04/01/2020, 04:40:00, "...", 1, 1, 1, 1, 1
193, 04/01/2020, 04:45:00, "...", 1, 1, 1, 1, 1
192, 04/01/2020, 04:50:00, "...", 1, 1, 1, 1, 1
191, 04/01/2020, 04:55:00, "...", 0.93193591, 0.93193591, 1, 1, 0.40972686
190, 04/01/2020, 05:00:00, "...", 0.88214421, 0.88214421, 1, 1, 0
189, 04/01/2020, 05:05:00, "...", 0.88098633, 0.88098633, 1, 1, 0
188, 04/01/2020, 05:10:00, "...", 0.96663946, 0.96663946, 1, 1, 0.72466666
187, 04/01/2020, 05:15:00, "...", 1, 1, 1, 1, 1
186, 04/01/2020, 05:20:00, "...", 1, 1, 1, 1, 1
185, 04/01/2020, 05:25:00, "...", 1, 1, 1, 1, 1
184, 04/01/2020, 05:30:00, "...", 1, 1, 1, 1, 1
183, 04/01/2020, 05:35:00, "...", 0.99001962, 0.99001962, 1, 1, 0.89606929
182, 04/01/2020, 05:40:00, "...", 0.88312298, 0.88312298, 1, 1, 0
181, 04/01/2020, 05:45:00, "...", 0.88245344, 0.88245344, 1, 1, 0
180, 04/01/2020, 05:50:00, "...", 0.90970981, 0.90970981, 1, 1, 0.24183877
179, 04/01/2020, 05:55:00, "...", 1, 1, 1, 1, 1
178, 04/01/2020, 06:00:00, "...", 1, 1, 1, 1, 1
177, 04/01/2020, 06:05:00, "...", 1, 1, 1, 1, 1
176, 04/01/2020, 06:10:00, "...", 1, 1, 1, 1, 1
175, 04/01/2020, 06:15:00, "...", 1, 1, 1, 1, 1
174, 04/01/2020, 06:20:00, "...", 0.93415725, 0.93415725, 1, 1, 0.41172552
173, 04/01/2020, 06:25:00, "...", 0.88494682, 0.88494682, 1, 1, 0
172, 04/01/2020, 06:30:00, "...", 0.88452554, 0.88452554, 1, 1, 0
171, 04/01/2020, 06:35:00, "...", 0.96581274, 0.96581274, 1, 1, 0.70619589
170, 04/01/2020, 06:40:00, "...", 1, 1, 1, 1, 1
169, 04/01/2020, 06:45:00, "...", 1, 1, 1, 1, 1
168, 04/01/2020, 06:50:00, "...", 1, 1, 1, 1, 1
167, 04/01/2020, 06:55:00, "...", 0.94026142, 0.94026142, 1, 1, 0.4556962
166, 04/01/2020, 07:00:00, "...", 0.88630509, 0.88630509, 1, 1, 0
165, 04/01/2020, 07:05:00, "...", 0.88367826, 0.88367826, 1, 1, 0
164, 04/01/2020, 07:10:00, "...", 0.88254809, 0.88254809, 1, 1, 0
163, 04/01/2020, 07:15:00, "...", 0.88079077, 0.88079077, 1, 1, 0
162, 04/01/2020, 07:20:00, "...", 0.89985663, 0.89985663, 1, 1, 0.17321785
161, 04/01/2020, 07:25:00, "...", 1, 1, 1, 1, 1
160, 04/01/2020, 07:30:00, "...", 1, 1, 1, 1, 1
159, 04/01/2020, 07:35:00, "...", 1, 1, 1, 1, 1
158, 04/01/2020, 07:40:00, "...", 0.99612117, 0.99612117, 1, 1, 0.96069288
157, 04/01/2020, 07:45:00, "...", 0.88387048, 0.88387048, 1, 1, 0
156, 04/01/2020, 07:50:00, "...", 0.88265413, 0.88265413, 1, 1, 0
155, 04/01/2020, 07:55:00, "...", 0.8809461, 0.8809461, 1, 1, 0
154, 04/01/2020, 08:00:00, "...", 0.87810242, 0.87810242, 1, 1, 0
153, 04/01/2020, 08:05:00, "...", 0.98183894, 0.98183894, 1, 1, 0.85276484
152, 04/01/2020, 08:10:00, "...", 1, 1, 1, 1, 1
151, 04/01/2020, 08:15:00, "...", 1, 1, 1, 1, 1
150, 04/01/2020, 08:20:00, "...", 0.97239941, 0.97239941, 1, 1, 0.73817456
149, 04/01/2020, 08:25:00, "...", 0.88361841, 0.88361841, 1, 1, 0
148, 04/01/2020, 08:30:00, "...", 0.88267106, 0.88267106, 1, 1, 0
147, 04/01/2020, 08:35:00, "...", 0.88116395, 0.88116395, 1, 1, 0
146, 04/01/2020, 08:40:00, "...", 0.99135363, 0.99135363, 1, 1, 0.92738175
145, 04/01/2020, 08:45:00, "...", 1, 1, 1, 1, 1
144, 04/01/2020, 08:50:00, "...", 1, 1, 1, 1, 1
143, 04/01/2020, 08:55:00, "...", 0.93738437, 0.93738437, 1, 1, 0.41239175
142, 04/01/2020, 09:00:00, "...", 0.89384151, 0.89384151, 1, 1, 0
141, 04/01/2020, 09:05:00, "...", 0.89218652, 0.89218652, 1, 1, 0
140, 04/01/2020, 09:10:00, "...", 0.89089078, 0.89089078, 1, 1, 0
139, 04/01/2020, 09:15:00, "...", 0.88725811, 0.88725811, 1, 1, 0
138, 04/01/2020, 09:20:00, "...", 0.88518929, 0.88518929, 1, 1, 0
137, 04/01/2020, 09:25:00, "...", 0.88226467, 0.88226467, 1, 1, 0
136, 04/01/2020, 09:30:00, "...", 0.88891226, 0.88891226, 1, 1, 0.07466666
135, 04/01/2020, 09:35:00, "...", 1, 1, 1, 1, 1
134, 04/01/2020, 09:40:00, "...", 1, 1, 1, 1, 1
133, 04/01/2020, 09:45:00, "...", 1, 1, 1, 1, 1
132, 04/01/2020, 09:50:00, "...", 0.94248188, 0.94248188, 1, 1, 0.44770154
131, 04/01/2020, 09:55:00, "...", 0.89237571, 0.89237571, 1, 1, 0
130, 04/01/2020, 10:00:00, "...", 0.88857055, 0.88857055, 1, 1, 0
129, 04/01/2020, 10:05:00, "...", 0.88628995, 0.88628995, 1, 1, 0
128, 04/01/2020, 10:10:00, "...", 0.88608092, 0.88608092, 1, 1, 0
127, 04/01/2020, 10:15:00, "...", 0.99246597, 0.99246597, 1, 1, 0.93604267
126, 04/01/2020, 10:20:00, "...", 1, 1, 1, 1, 1
125, 04/01/2020, 10:25:00, "...", 1, 1, 1, 1, 1
124, 04/01/2020, 10:30:00, "...", 1, 1, 1, 1, 1
123, 04/01/2020, 10:35:00, "...", 0.89581567, 0.89581567, 1, 1, 0.04930047
122, 04/01/2020, 10:40:00, "...", 0.88687211, 0.88687211, 1, 1, 0
121, 04/01/2020, 10:45:00, "...", 0.88598549, 0.88598549, 1, 1, 0
120, 04/01/2020, 10:50:00, "...", 0.93118078, 0.93118078, 1, 1, 0.40412784
119, 04/01/2020, 10:55:00, "...", 1, 1, 1, 1, 1
118, 04/01/2020, 11:00:00, "...", 1, 1, 1, 1, 1
117, 04/01/2020, 11:05:00, "...", 1, 1, 1, 1, 1
116, 04/01/2020, 11:10:00, "...", 0.93468654, 0.93468654, 1, 1, 0.40333334
115, 04/01/2020, 11:15:00, "...", 0.88638943, 0.88638943, 1, 1, 0
114, 04/01/2020, 11:20:00, "...", 0.88523704, 0.88523704, 1, 1, 0
113, 04/01/2020, 11:25:00, "...", 0.89613575, 0.89613575, 1, 1, 0.09926715
112, 04/01/2020, 11:30:00, "...", 1, 1, 1, 1, 1
111, 04/01/2020, 11:35:00, "...", 1, 1, 1, 1, 1
110, 04/01/2020, 11:40:00, "(2;3)", 0.97679019, 0.97932762, 0.97677118, 1, 0.99769056
109, 04/01/2020, 11:45:00, "...", 0.93811339, 0.93811339, 1, 1, 0.43437707
108, 04/01/2020, 11:50:00, "...", 0.88712806, 0.88712806, 1, 1, 0
107, 04/01/2020, 11:55:00, "...", 0.88541257, 0.88541257, 1, 1, 0
106, 04/01/2020, 12:00:00, "...", 0.960154, 0.960154, 1, 1, 0.66355765
105, 04/01/2020, 12:05:00, "...", 1, 1, 1, 1, 1
104, 04/01/2020, 12:10:00, "...", 1, 1, 1, 1, 1
103, 04/01/2020, 12:15:00, "...", 0.94615465, 0.94615465, 1, 1, 0.50632912
102, 04/01/2020, 12:20:00, "...", 0.88587254, 0.88587254, 1, 1, 0
101, 04/01/2020, 12:25:00, "...", 0.77922994, 0.77922994, 1, 1, 0.36242506
100, 04/01/2020, 12:30:00, "...", 1, 1, 1, 1, 1
99, 04/01/2020, 12:35:00, "...", 0.97502184, 0.97523463, 0.97463477, 0.97520149, 0.74350435
98, 04/01/2020, 12:40:00, "...", 0.90838814, 0.90897721, 0.90715474, 0.90904742, 0
97, 04/01/2020, 12:45:00, "...", 0.9129051, 0.9133209, 0.91190243, 0.91350245, 0
96, 04/01/2020, 12:50:00, "...", 0.90942943, 0.91002905, 0.908086, 0.91018993, 0
95, 04/01/2020, 12:55:00, "...", 0.90406382, 0.90485191, 0.90247941, 0.90488178, 0
94, 04/01/2020, 13:00:00, "...", 0.90202665, 0.90293932, 0.90017593, 0.90299243, 0
93, 04/01/2020, 13:05:00, "...", 0.90052879, 0.90158939, 0.89860469, 0.9014231, 0
92, 04/01/2020, 13:10:00, "...", 0.89583254, 0.89701295, 0.89384675, 0.89666933, 0
91, 04/01/2020, 13:15:00, "...", 0.89326137, 0.89437169, 0.89119917, 0.89424729, 0
90, 04/01/2020, 13:20:00, "...", 0.8931886, 0.89432079, 0.89126939, 0.89400655, 0
89, 04/01/2020, 13:25:00, "...", 0.89129817, 0.89231288, 0.88939297, 0.89221996, 0
88, 04/01/2020, 13:30:00, "...", 0.89110333, 0.89171356, 0.889467, 0.89215702, 0
87, 04/01/2020, 13:35:00, "...", 0.88967824, 0.89058751, 0.88785416, 0.89062339, 0
86, 04/01/2020, 13:40:00, "...", 0.88738477, 0.88824052, 0.8853727, 0.88857543, 0
85, 04/01/2020, 13:45:00, "...", 0.88507599, 0.88589454, 0.88296187, 0.88640755, 0
84, 04/01/2020, 13:50:00, "...", 0.88403356, 0.88502812, 0.88178569, 0.88532484, 0
83, 04/01/2020, 13:55:00, "...", 0.93537265, 0.93590027, 0.93414092, 0.93609792, 0.44170552
82, 04/01/2020, 14:00:00, "...", 1, 1, 1, 1, 1
81, 04/01/2020, 14:05:00, "(2)", 0, 0, 0, 0, 0
80, 04/02/2020, 09:50:00, "(2;3)", 1, 1, 1, 1, 1
79, 04/02/2020, 09:55:00, "...", 1, 1, 1, 1, 1
78, 04/02/2020, 10:00:00, "...", 1, 1, 1, 1, 1
77, 04/02/2020, 10:05:00, "...", 1, 1, 1, 1, 1
76, 04/02/2020, 10:10:00, "...", 1, 1, 1, 1, 1
75, 04/02/2020, 10:15:00, "...", 1, 1, 1, 1, 1
74, 04/02/2020, 10:20:00, "...", 1, 1, 1, 1, 1
73, 04/02/2020, 10:25:00, "...", 1, 1, 1, 1, 1
72, 04/02/2020, 10:30:00, "...", 1, 1, 1, 1, 1
71, 04/02/2020, 10:35:00, "...", 1, 1, 1, 1, 1
70, 04/02/2020, 10:40:00, "...", 1, 1, 1, 1, 1
69, 04/02/2020, 10:45:00, "...", 1, 1, 1, 1, 1
68, 04/02/2020, 10:50:00, "...", 1, 1, 1, 1, 1
67, 04/02/2020, 10:55:00, "...", 1, 1, 1, 1, 1
66, 04/02/2020, 11:00:00, "...", 1, 1, 1, 1, 1
65, 04/02/2020, 11:05:00, "...", 1, 1, 1, 1, 1
64, 04/02/2020, 11:10:00, "...", 1, 1, 1, 1, 1
63, 04/02/2020, 11:15:00, "...", 1, 1, 1, 1, 1
62, 04/02/2020, 11:20:00, "...", 1, 1, 1, 1, 1
61, 04/02/2020, 11:25:00, "...", 1, 1, 1, 1, 1
60, 04/02/2020, 11:30:00, "...", 1, 1, 1, 1, 1
59, 04/02/2020, 11:35:00, "...", 1, 1, 1, 1, 1
58, 04/02/2020, 11:40:00, "...", 1, 1, 1, 1, 1
57, 04/02/2020, 11:45:00, "(2)", 0, 0, 0, 0, 0
56, 04/02/2020, 12:05:00, "(2;3)", 0.97183788, 0.97527021, 0.97166848, 1, 0.9716714
55, 04/02/2020, 12:10:00, "...", -0.46938062, -0.03467355, 1, -0.79517102, 0.08402822
54, 04/02/2020, 12:15:00, "(2;3)", -0.58970231, 0, 0, 0, 0.00639488
53, 04/02/2020, 12:20:00, "...", -0.63747656, 0, 0, 0, 0
52, 04/02/2020, 12:25:00, "(2;3)", -0.55962092, -0.20841631, 0.98225975, -0.90369767, 0.03577818
51, 04/02/2020, 12:30:00, "...", -0.56002158, -0.33125845, 0.02329119, -0.62973124, 0
50, 04/02/2020, 12:35:00, "...", -0.26984933, 0.05588806, -0.44514182, -0.30356643, 0.10388783
49, 04/02/2020, 12:40:00, "...", 0.5664376, 0.22273351, 0.92860585, 0.7609145, 0
48, 04/02/2020, 12:45:00, "...", 0.5702042, 0.21920146, 0.93111461, 0.7743001, 0
47, 04/02/2020, 12:50:00, "...", 0.56426233, 0.21943782, 0.93119574, 0.77319759, 0
46, 04/02/2020, 12:55:00, "...", 0.56031364, 0.21869582, 0.9310177, 0.77151686, 0
45, 04/02/2020, 13:00:00, "...", 0.81363314, 0.9054994, 0.92865974, 0.76834196, 0
44, 04/02/2020, 13:05:00, "...", 0.84993041, 1, 0.92893553, 0.76839012, 0
43, 04/02/2020, 13:10:00, "...", 0.85028535, 1, 0.92909122, 0.76708615, 0
42, 04/02/2020, 13:15:00, "...", 0.84983081, 1, 0.92868614, 0.76610464, 0
41, 04/02/2020, 13:20:00, "...", 0.73529637, 0.70293385, 0.92942941, 0.76579261, 0.00126743
40, 04/02/2020, 13:25:00, "...", 0.54388708, 0.20822047, 0.93075359, 0.76594967, 0
39, 04/02/2020, 13:30:00, "...", 0.54352754, 0.20878801, 0.93072093, 0.7669636, 0
38, 04/02/2020, 13:35:00, "...", 0.60048205, 0.34491736, 0.94260657, 0.79137605, 0.13375796
37, 04/02/2020, 13:40:00, "...", 1, 1, 1, 1, 1
36, 04/02/2020, 13:45:00, "...", 1, 1, 1, 1, 1
35, 04/02/2020, 13:50:00, "...", 1, 1, 1, 1, 1
34, 04/02/2020, 13:55:00, "...", 1, 1, 1, 1, 1
33, 04/02/2020, 14:00:00, "...", 1, 1, 1, 1, 1
32, 04/02/2020, 14:05:00, "(2)", 0, 0, 0, 0, 0
31, 04/17/2020, 08:05:00, "(2;3)", 1, 1, 1, 1, 1
30, 04/17/2020, 08:10:00, "(2;3)", 1, 1, 1, 1, 1
29, 04/17/2020, 08:15:00, "(2;3)", 1, 1, 1, 1, 1
28, 04/17/2020, 08:20:00, "...", 1, 1, 1, 1, 1
27, 04/17/2020, 08:25:00, "(2;3)", 1, 1, 1, 1, 1
26, 04/17/2020, 08:30:00, "...", 1, 1, 1, 1, 1
25, 04/17/2020, 08:35:00, "...", 1, 1, 1, 1, 1
24, 04/17/2020, 08:40:00, "...", 1, 1, 1, 1, 1
23, 04/17/2020, 08:45:00, "...", 1, 1, 1, 1, 1
22, 04/17/2020, 08:50:00, "(2;3)", 1, 1, 1, 1, 1
21, 04/17/2020, 08:55:00, "...", 1, 1, 1, 1, 1
20, 04/17/2020, 09:00:00, "(2;3)", 1, 1, 1, 1, 1
19, 04/17/2020, 09:05:00, "...", 1, 1, 1, 1, 1
18, 04/17/2020, 09:10:00, "...", 1, 1, 1, 1, 1
17, 04/17/2020, 09:15:00, "...", 1, 1, 1, 1, 1
16, 04/17/2020, 09:20:00, "...", 1, 1, 1, 1, 1
15, 04/17/2020, 09:25:00, "...", 1, 1, 1, 1, 1
14, 04/17/2020, 09:30:00, "...", 1, 1, 1, 1, 1
13, 04/17/2020, 09:35:00, "...", 1, 1, 1, 1, 1
12, 04/17/2020, 09:40:00, "...", 1, 1, 1, 1, 1
11, 04/17/2020, 09:45:00, "...", 1, 1, 1, 1, 1
10, 04/17/2020, 09:50:00, "...", 1, 1, 1, 1, 1
9, 04/17/2020, 09:55:00, "...", 1, 1, 1, 1, 1
8, 04/17/2020, 10:00:00, "...", 1, 1, 1, 1, 1
7, 04/17/2020, 10:05:00, "...", 1, 1, 1, 1, 1
6, 04/17/2020, 10:10:00, "...", 1, 1, 1, 1, 1
5, 04/17/2020, 10:15:00, "...", 1, 1, 1, 1, 1
4, 04/17/2020, 10:20:00, "...", 1, 1, 1, 1, 1
3, 04/17/2020, 10:25:00, "...", 1, 1, 1, 1, 1
2, 04/17/2020, 10:30:00, "...", 1, 1, 1, 1, 1
1, 04/17/2020, 10:35:00, "(2)", 0, 0, 0, 0, 0
